{"stats":{"minecraft:custom":{"minecraft:jump":175,"minecraft:time_since_rest":11075,"minecraft:damage_dealt":160,"minecraft:leave_game":4,"minecraft:play_time":11075,"minecraft:sprint_one_cm":17390,"minecraft:time_since_death":11075,"minecraft:walk_one_cm":16876,"minecraft:total_world_time":11075,"minecraft:fall_one_cm":5341,"minecraft:fly_one_cm":37762},"minecraft:used":{"minecraft:oak_log":1,"minecraft:egg":2},"minecraft:picked_up":{"minecraft:oak_log":4,"minecraft:wheat_seeds":1,"minecraft:acacia_log":1,"minecraft:dirt":11,"minecraft:egg":2},"minecraft:mined":{"minecraft:tall_grass":7,"minecraft:grass":8,"minecraft:grass_block":13,"minecraft:oak_log":4,"minecraft:acacia_log":1}},"DataVersion":3465}