{"stats":{"minecraft:mined":{"minecraft:tall_grass":7,"minecraft:grass":8,"minecraft:grass_block":8,"minecraft:oak_log":4},"minecraft:custom":{"minecraft:jump":111,"minecraft:time_since_rest":8156,"minecraft:damage_dealt":110,"minecraft:leave_game":3,"minecraft:play_time":8156,"minecraft:sprint_one_cm":11875,"minecraft:time_since_death":8156,"minecraft:walk_one_cm":11607,"minecraft:total_world_time":8156,"minecraft:fall_one_cm":2624,"minecraft:fly_one_cm":21548},"minecraft:used":{"minecraft:oak_log":1},"minecraft:picked_up":{"minecraft:oak_log":4,"minecraft:wheat_seeds":1,"minecraft:dirt":5}},"DataVersion":3465}