{"stats":{"minecraft:custom":{"minecraft:time_since_rest":4825,"minecraft:sprint_one_cm":46529,"minecraft:walk_one_cm":56268,"minecraft:drop":18,"minecraft:interact_with_crafting_table":6,"minecraft:talked_to_villager":1,"minecraft:fly_one_cm":74494,"minecraft:open_chest":5,"minecraft:crouch_one_cm":413,"minecraft:play_time":18659,"minecraft:sneak_time":191,"minecraft:boat_one_cm":57223,"minecraft:jump":291,"minecraft:interact_with_grindstone":1,"minecraft:sleep_in_bed":1,"minecraft:leave_game":1,"minecraft:walk_on_water_one_cm":186,"minecraft:time_since_death":18659,"minecraft:total_world_time":18659,"minecraft:interact_with_smoker":1,"minecraft:fall_one_cm":8238},"minecraft:mined":{"minecraft:hay_block":10,"minecraft:smoker":1,"minecraft:brewing_stand":1,"minecraft:crafting_table":4,"minecraft:torch":1,"minecraft:grass":5,"minecraft:acacia_log":17,"minecraft:chest":4,"minecraft:tall_grass":1,"minecraft:stone":30,"minecraft:grindstone":1,"minecraft:wall_torch":2,"minecraft:orange_bed":3},"minecraft:picked_up":{"minecraft:golden_helmet":1,"minecraft:crafting_table":4,"minecraft:wheat":3,"minecraft:golden_leggings":1,"minecraft:torch":3,"minecraft:acacia_log":16,"minecraft:smoker":1,"minecraft:brewing_stand":1,"minecraft:orange_bed":3,"minecraft:apple":4,"minecraft:wheat_seeds":7,"minecraft:hay_block":11,"minecraft:iron_helmet":1,"minecraft:grindstone":1,"minecraft:poppy":2,"minecraft:bread":79,"minecraft:chest":4,"minecraft:cobblestone":30},"minecraft:used":{"minecraft:acacia_log":1,"minecraft:bread":3,"minecraft:stone_pickaxe":27,"minecraft:iron_helmet":1,"minecraft:wooden_pickaxe":6,"minecraft:stone_axe":15,"minecraft:orange_bed":2,"minecraft:crafting_table":5,"minecraft:acacia_sapling":1,"minecraft:acacia_planks":1},"minecraft:crafted":{"minecraft:crafting_table":1,"minecraft:stick":8,"minecraft:wooden_pickaxe":1,"minecraft:stone_pickaxe":1,"minecraft:acacia_planks":12,"minecraft:stone_axe":1,"minecraft:bread":21,"minecraft:wheat":63},"minecraft:dropped":{"minecraft:bread":60,"minecraft:hay_block":4,"minecraft:wheat_seeds":12}},"DataVersion":3465}