{"stats":{"minecraft:broken":{"minecraft:stone_shovel":1},"minecraft:custom":{"minecraft:mob_kills":11,"minecraft:interact_with_crafting_table":42,"minecraft:bell_ring":15,"minecraft:leave_game":4,"minecraft:time_since_death":5378,"minecraft:climb_one_cm":2529,"minecraft:sprint_one_cm":305231,"minecraft:walk_one_cm":371324,"minecraft:damage_blocked_by_shield":100,"minecraft:drop":71,"minecraft:talked_to_villager":1,"minecraft:play_time":141529,"minecraft:deaths":2,"minecraft:sneak_time":7833,"minecraft:walk_under_water_one_cm":3500,"minecraft:boat_one_cm":413937,"minecraft:jump":2443,"minecraft:walk_on_water_one_cm":10137,"minecraft:total_world_time":141529,"minecraft:interact_with_furnace":11,"minecraft:interact_with_grindstone":1,"minecraft:sleep_in_bed":8,"minecraft:time_since_rest":2968,"minecraft:damage_taken":1150,"minecraft:damage_dealt":3346,"minecraft:swim_one_cm":35532,"minecraft:fly_one_cm":457081,"minecraft:open_chest":55,"minecraft:crouch_one_cm":18664,"minecraft:interact_with_smoker":1,"minecraft:fall_one_cm":60376},"minecraft:mined":{"minecraft:dark_oak_planks":9,"minecraft:white_bed":12,"minecraft:dark_oak_leaves":9,"minecraft:jungle_leaves":44,"minecraft:brewing_stand":1,"minecraft:acacia_log":17,"minecraft:grass_block":125,"minecraft:jungle_log":6,"minecraft:brown_mushroom_block":18,"minecraft:spruce_leaves":2,"minecraft:oak_wall_sign":1,"minecraft:large_fern":1,"minecraft:hay_block":39,"minecraft:magma_block":3,"minecraft:dark_oak_trapdoor":4,"minecraft:bell":3,"minecraft:vine":5,"minecraft:stone":43,"minecraft:orange_bed":4,"minecraft:oak_slab":3,"minecraft:smoker":1,"minecraft:oak_fence":3,"minecraft:crafting_table":6,"minecraft:torch":3,"minecraft:chest":5,"minecraft:tall_grass":3,"minecraft:oak_planks":1,"minecraft:grindstone":1,"minecraft:sugar_cane":4,"minecraft:wall_torch":3,"minecraft:dark_oak_slab":4,"minecraft:wheat":3,"minecraft:sweet_berry_bush":4,"minecraft:spruce_log":4,"minecraft:yellow_bed":16,"minecraft:grass":40,"minecraft:oak_log":17,"minecraft:sand":65,"minecraft:dirt":107,"minecraft:netherrack":9,"minecraft:oak_leaves":227,"minecraft:fern":1},"minecraft:picked_up":{"minecraft:crafting_table":6,"minecraft:wheat":6,"minecraft:chicken":31,"minecraft:golden_pickaxe":1,"minecraft:leather_leggings":1,"minecraft:chest_minecart":3,"minecraft:brown_mushroom":9,"minecraft:brewing_stand":1,"minecraft:shield":1,"minecraft:string":2244,"minecraft:dark_oak_trapdoor":2,"minecraft:oak_sign":1,"minecraft:activator_rail":4,"minecraft:detector_rail":2,"minecraft:bucket":1,"minecraft:beef":3,"minecraft:oak_boat":2,"minecraft:jungle_sapling":3,"minecraft:poppy":8,"minecraft:iron_pickaxe":1,"minecraft:light_gray_wool":2,"minecraft:enchanted_golden_apple":1,"minecraft:sugar_cane":5,"minecraft:chest":7,"minecraft:birch_sapling":1,"minecraft:dark_oak_sapling":1,"minecraft:golden_helmet":2,"minecraft:stick":3,"minecraft:oak_fence":6,"minecraft:torch":10,"minecraft:acacia_log":16,"minecraft:fire_charge":1,"minecraft:porkchop":7,"minecraft:redstone":4,"minecraft:dark_oak_planks":9,"minecraft:orange_bed":4,"minecraft:stone_shovel":1,"minecraft:arrow":8,"minecraft:rotten_flesh":29,"minecraft:beetroot_seeds":4,"minecraft:shears":2,"minecraft:hay_block":40,"minecraft:glow_berries":5,"minecraft:mutton":15,"minecraft:rail":25,"minecraft:white_wool":9,"minecraft:cobblestone":49,"minecraft:leather_chestplate":1,"minecraft:magma_block":7,"minecraft:feather":3,"minecraft:glow_ink_sac":15,"minecraft:water_bucket":2,"minecraft:jungle_log":6,"minecraft:brown_wool":1,"minecraft:leather":2,"minecraft:golden_leggings":1,"minecraft:smoker":1,"minecraft:oak_log":20,"minecraft:yellow_bed":20,"minecraft:gunpowder":4,"minecraft:dirt":346,"minecraft:name_tag":1,"minecraft:bone":16,"minecraft:acacia_planks":2,"minecraft:apple":4,"minecraft:kelp":55,"minecraft:wheat_seeds":45,"minecraft:bell":3,"minecraft:grindstone":1,"minecraft:iron_ingot":22,"minecraft:bamboo":145,"minecraft:powered_rail":1,"minecraft:oak_planks":2,"minecraft:acacia_sapling":1,"minecraft:oak_slab":12,"minecraft:dark_oak_slab":3,"minecraft:sweet_berries":6,"minecraft:gravel":1,"minecraft:sand":107,"minecraft:white_bed":16,"minecraft:spruce_log":4,"minecraft:dark_oak_log":1,"minecraft:spider_eye":2,"minecraft:leather_helmet":1,"minecraft:pumpkin_seeds":4,"minecraft:stone_axe":1,"minecraft:diamond":2,"minecraft:iron_helmet":1,"minecraft:bread":153,"minecraft:oak_sapling":13,"minecraft:acacia_slab":6,"minecraft:netherrack":8,"minecraft:oak_leaves":263,"minecraft:coal":5},"minecraft:killed_by":{"minecraft:iron_golem":1,"minecraft:zombie":1},"minecraft:used":{"minecraft:acacia_log":1,"minecraft:stone_shovel":215,"minecraft:oak_sign":4,"minecraft:chest":3,"minecraft:shield":5,"minecraft:bell":3,"minecraft:rotten_flesh":6,"minecraft:orange_bed":4,"minecraft:torch":6,"minecraft:mutton":2,"minecraft:dirt":137,"minecraft:hopper":1,"minecraft:acacia_sapling":1,"minecraft:glass":25,"minecraft:dark_oak_planks":78,"minecraft:iron_helmet":1,"minecraft:tripwire_hook":2,"minecraft:golden_sword":16,"minecraft:sweet_berries":6,"minecraft:furnace":2,"minecraft:acacia_planks":1,"minecraft:wheat_seeds":3,"minecraft:water_bucket":20,"minecraft:leather_leggings":1,"minecraft:stone_pickaxe":39,"minecraft:wooden_pickaxe":6,"minecraft:oak_leaves":219,"minecraft:dark_oak_trapdoor":6,"minecraft:oak_slab":6,"minecraft:crafting_table":11,"minecraft:white_bed":8,"minecraft:shears":226,"minecraft:wooden_hoe":30,"minecraft:lever":1,"minecraft:string":2,"minecraft:bread":17,"minecraft:suspicious_stew":3,"minecraft:leather_helmet":1,"minecraft:stone_axe":133,"minecraft:cobblestone":1,"minecraft:bucket":19,"minecraft:yellow_bed":14,"minecraft:oak_boat":4,"minecraft:golden_pickaxe":20},"minecraft:killed":{"minecraft:spider":5,"minecraft:skeleton":1,"minecraft:iron_golem":1,"minecraft:creeper":1,"minecraft:zombie":3},"minecraft:crafted":{"minecraft:oak_planks":56,"minecraft:stone_shovel":2,"minecraft:oak_sign":3,"minecraft:tripwire_hook":2,"minecraft:furnace":2,"minecraft:dark_oak_trapdoor":4,"minecraft:lever":1,"minecraft:glass":25,"minecraft:hopper":1,"minecraft:stone_pickaxe":1,"minecraft:chest":3,"minecraft:dark_oak_planks":108,"minecraft:wheat":324,"minecraft:oak_slab":12,"minecraft:crafting_table":5,"minecraft:spruce_planks":16,"minecraft:wooden_pickaxe":2,"minecraft:bucket":1,"minecraft:stone_axe":2,"minecraft:bread":109,"minecraft:air":0,"minecraft:oak_boat":2,"minecraft:wooden_hoe":1,"minecraft:shield":1,"minecraft:stick":24,"minecraft:iron_ingot":3,"minecraft:acacia_planks":12,"minecraft:torch":12},"minecraft:dropped":{"minecraft:water_bucket":1,"minecraft:bread":60,"minecraft:porkchop":7,"minecraft:wheat_seeds":15,"minecraft:oak_log":6,"minecraft:glow_ink_sac":3,"minecraft:diamond":2,"minecraft:oak_fence":3,"minecraft:feather":3,"minecraft:cobblestone":2,"minecraft:glow_berries":4,"minecraft:chest_minecart":3,"minecraft:leather":2,"minecraft:activator_rail":4,"minecraft:rail":25,"minecraft:coal":5,"minecraft:dirt":47,"minecraft:dark_oak_log":1,"minecraft:torch":10,"minecraft:mutton":13,"minecraft:brown_wool":1,"minecraft:sand":41,"minecraft:iron_pickaxe":1,"minecraft:string":389,"minecraft:dark_oak_planks":49,"minecraft:white_wool":8,"minecraft:bucket":1,"minecraft:redstone":4,"minecraft:bone":11,"minecraft:detector_rail":2,"minecraft:chicken":31,"minecraft:rotten_flesh":11,"minecraft:light_gray_wool":2,"minecraft:enchanted_golden_apple":1,"minecraft:name_tag":1,"minecraft:pumpkin_seeds":4,"minecraft:hay_block":4,"minecraft:beetroot_seeds":4,"minecraft:bamboo":1,"minecraft:arrow":4,"minecraft:beef":3,"minecraft:powered_rail":1}},"DataVersion":3465}