{"stats":{"minecraft:crafted":{"minecraft:oak_planks":64,"minecraft:stone_shovel":2,"minecraft:oak_sign":3,"minecraft:tripwire_hook":2,"minecraft:furnace":2,"minecraft:dark_oak_trapdoor":4,"minecraft:lever":1,"minecraft:glass":26,"minecraft:hopper":1,"minecraft:iron_axe":1,"minecraft:stone_pickaxe":1,"minecraft:chest":3,"minecraft:dark_oak_planks":108,"minecraft:wheat":324,"minecraft:oak_slab":12,"minecraft:crafting_table":6,"minecraft:spruce_planks":16,"minecraft:wooden_pickaxe":2,"minecraft:bucket":1,"minecraft:stone_axe":2,"minecraft:bread":109,"minecraft:air":0,"minecraft:oak_boat":2,"minecraft:wooden_hoe":1,"minecraft:shield":1,"minecraft:stick":32,"minecraft:iron_ingot":3,"minecraft:iron_pickaxe":1,"minecraft:iron_shovel":1,"minecraft:acacia_planks":12,"minecraft:torch":12,"minecraft:shears":1},"minecraft:killed_by":{"minecraft:iron_golem":1,"minecraft:zombie":1},"minecraft:dropped":{"minecraft:water_bucket":1,"minecraft:bread":60,"minecraft:porkchop":7,"minecraft:wheat_seeds":15,"minecraft:oak_log":6,"minecraft:glow_ink_sac":3,"minecraft:diamond":2,"minecraft:oak_fence":3,"minecraft:feather":3,"minecraft:cobblestone":2,"minecraft:glow_berries":4,"minecraft:chest_minecart":3,"minecraft:leather":2,"minecraft:activator_rail":4,"minecraft:rail":25,"minecraft:coal":5,"minecraft:dirt":47,"minecraft:dark_oak_log":1,"minecraft:torch":10,"minecraft:mutton":13,"minecraft:brown_wool":1,"minecraft:sand":41,"minecraft:iron_pickaxe":1,"minecraft:string":389,"minecraft:dark_oak_planks":49,"minecraft:white_wool":8,"minecraft:bucket":1,"minecraft:redstone":4,"minecraft:bone":11,"minecraft:detector_rail":2,"minecraft:chicken":31,"minecraft:rotten_flesh":11,"minecraft:light_gray_wool":2,"minecraft:enchanted_golden_apple":1,"minecraft:name_tag":1,"minecraft:pumpkin_seeds":4,"minecraft:hay_block":4,"minecraft:beetroot_seeds":4,"minecraft:bamboo":1,"minecraft:arrow":4,"minecraft:powered_rail":1,"minecraft:beef":3},"minecraft:picked_up":{"minecraft:crafting_table":7,"minecraft:wheat":6,"minecraft:chicken":31,"minecraft:chest_minecart":3,"minecraft:golden_pickaxe":1,"minecraft:leather_leggings":1,"minecraft:brown_mushroom":9,"minecraft:brewing_stand":1,"minecraft:shield":1,"minecraft:string":2244,"minecraft:dark_oak_trapdoor":2,"minecraft:oak_sign":1,"minecraft:activator_rail":4,"minecraft:detector_rail":2,"minecraft:bucket":1,"minecraft:beef":3,"minecraft:oak_boat":2,"minecraft:jungle_sapling":3,"minecraft:poppy":15,"minecraft:iron_pickaxe":1,"minecraft:light_gray_wool":2,"minecraft:enchanted_golden_apple":1,"minecraft:sugar_cane":5,"minecraft:chest":7,"minecraft:birch_sapling":1,"minecraft:dark_oak_sapling":1,"minecraft:golden_helmet":2,"minecraft:stick":3,"minecraft:oak_fence":6,"minecraft:torch":12,"minecraft:acacia_log":16,"minecraft:fire_charge":1,"minecraft:porkchop":7,"minecraft:redstone":4,"minecraft:dark_oak_planks":9,"minecraft:orange_bed":4,"minecraft:arrow":8,"minecraft:stone_shovel":1,"minecraft:rotten_flesh":31,"minecraft:beetroot_seeds":4,"minecraft:shears":2,"minecraft:hay_block":40,"minecraft:glow_berries":5,"minecraft:mutton":15,"minecraft:rail":25,"minecraft:white_wool":9,"minecraft:cobblestone":50,"minecraft:magma_block":7,"minecraft:leather_chestplate":1,"minecraft:feather":3,"minecraft:glow_ink_sac":15,"minecraft:water_bucket":2,"minecraft:jungle_log":6,"minecraft:brown_wool":1,"minecraft:leather":2,"minecraft:golden_leggings":1,"minecraft:smoker":1,"minecraft:oak_log":22,"minecraft:yellow_bed":20,"minecraft:gunpowder":4,"minecraft:dirt":491,"minecraft:name_tag":1,"minecraft:bone":16,"minecraft:acacia_planks":2,"minecraft:apple":4,"minecraft:kelp":55,"minecraft:wheat_seeds":47,"minecraft:bell":3,"minecraft:iron_ingot":42,"minecraft:grindstone":1,"minecraft:bamboo":145,"minecraft:powered_rail":1,"minecraft:acacia_sapling":1,"minecraft:oak_planks":2,"minecraft:oak_slab":12,"minecraft:dark_oak_slab":3,"minecraft:sweet_berries":6,"minecraft:gravel":1,"minecraft:sand":107,"minecraft:white_bed":16,"minecraft:spruce_log":4,"minecraft:dark_oak_log":1,"minecraft:spider_eye":2,"minecraft:leather_helmet":1,"minecraft:pumpkin_seeds":4,"minecraft:diamond":2,"minecraft:stone_axe":1,"minecraft:iron_helmet":1,"minecraft:bread":153,"minecraft:oak_sapling":13,"minecraft:acacia_slab":6,"minecraft:netherrack":8,"minecraft:oak_leaves":337,"minecraft:coal":5},"minecraft:used":{"minecraft:iron_shovel":96,"minecraft:acacia_log":1,"minecraft:stone_shovel":249,"minecraft:oak_sign":4,"minecraft:chest":3,"minecraft:shield":5,"minecraft:bell":3,"minecraft:rotten_flesh":6,"minecraft:orange_bed":4,"minecraft:torch":6,"minecraft:mutton":2,"minecraft:dirt":172,"minecraft:hopper":1,"minecraft:acacia_sapling":1,"minecraft:dark_oak_planks":78,"minecraft:glass":26,"minecraft:iron_axe":16,"minecraft:iron_helmet":1,"minecraft:tripwire_hook":2,"minecraft:golden_sword":16,"minecraft:sweet_berries":6,"minecraft:furnace":2,"minecraft:acacia_planks":1,"minecraft:wheat_seeds":3,"minecraft:water_bucket":25,"minecraft:leather_leggings":1,"minecraft:stone_pickaxe":39,"minecraft:wooden_pickaxe":6,"minecraft:oak_leaves":293,"minecraft:dark_oak_trapdoor":6,"minecraft:oak_slab":6,"minecraft:crafting_table":12,"minecraft:white_bed":8,"minecraft:shears":303,"minecraft:wooden_hoe":30,"minecraft:lever":1,"minecraft:iron_pickaxe":1,"minecraft:string":2,"minecraft:bread":20,"minecraft:suspicious_stew":3,"minecraft:leather_helmet":1,"minecraft:stone_axe":147,"minecraft:cobblestone":1,"minecraft:bucket":24,"minecraft:yellow_bed":14,"minecraft:oak_boat":4,"minecraft:golden_pickaxe":20},"minecraft:killed":{"minecraft:spider":5,"minecraft:skeleton":1,"minecraft:iron_golem":6,"minecraft:creeper":1,"minecraft:zombie":3},"minecraft:broken":{"minecraft:stone_axe":1,"minecraft:stone_shovel":2},"minecraft:mined":{"minecraft:dark_oak_planks":9,"minecraft:white_bed":12,"minecraft:dark_oak_leaves":9,"minecraft:jungle_leaves":44,"minecraft:brewing_stand":1,"minecraft:acacia_log":17,"minecraft:grass_block":221,"minecraft:jungle_log":6,"minecraft:brown_mushroom_block":18,"minecraft:spruce_leaves":2,"minecraft:oak_wall_sign":1,"minecraft:large_fern":1,"minecraft:hay_block":39,"minecraft:magma_block":3,"minecraft:dark_oak_trapdoor":4,"minecraft:bell":3,"minecraft:vine":5,"minecraft:stone":44,"minecraft:orange_bed":4,"minecraft:oak_slab":3,"minecraft:smoker":1,"minecraft:oak_fence":3,"minecraft:crafting_table":7,"minecraft:torch":3,"minecraft:chest":5,"minecraft:tall_grass":3,"minecraft:oak_planks":1,"minecraft:grindstone":1,"minecraft:sugar_cane":4,"minecraft:wall_torch":4,"minecraft:dark_oak_slab":4,"minecraft:wheat":3,"minecraft:sweet_berry_bush":4,"minecraft:spruce_log":4,"minecraft:yellow_bed":16,"minecraft:grass":40,"minecraft:oak_log":18,"minecraft:sand":65,"minecraft:dirt":162,"minecraft:netherrack":9,"minecraft:oak_leaves":304,"minecraft:fern":1},"minecraft:custom":{"minecraft:mob_kills":16,"minecraft:interact_with_crafting_table":48,"minecraft:bell_ring":15,"minecraft:leave_game":6,"minecraft:time_since_death":27147,"minecraft:climb_one_cm":3129,"minecraft:sprint_one_cm":341045,"minecraft:walk_one_cm":434644,"minecraft:damage_blocked_by_shield":100,"minecraft:drop":71,"minecraft:talked_to_villager":1,"minecraft:play_time":163298,"minecraft:sneak_time":10503,"minecraft:deaths":2,"minecraft:walk_under_water_one_cm":3679,"minecraft:boat_one_cm":413937,"minecraft:jump":2802,"minecraft:walk_on_water_one_cm":10849,"minecraft:total_world_time":163298,"minecraft:interact_with_furnace":14,"minecraft:interact_with_grindstone":1,"minecraft:sleep_in_bed":9,"minecraft:time_since_rest":13839,"minecraft:damage_taken":1283,"minecraft:damage_dealt":7913,"minecraft:swim_one_cm":35532,"minecraft:fly_one_cm":510724,"minecraft:open_chest":58,"minecraft:crouch_one_cm":20921,"minecraft:interact_with_smoker":1,"minecraft:fall_one_cm":67319}},"DataVersion":3465}