{"stats":{"minecraft:mined":{"minecraft:oak_log":2,"minecraft:grass_block":4,"minecraft:oak_leaves":4},"minecraft:picked_up":{"minecraft:oak_log":2,"minecraft:dirt":4},"minecraft:custom":{"minecraft:jump":27,"minecraft:time_since_rest":1909,"minecraft:leave_game":1,"minecraft:damage_dealt":110,"minecraft:sprint_one_cm":3048,"minecraft:play_time":1909,"minecraft:damage_taken":195,"minecraft:time_since_death":1909,"minecraft:walk_one_cm":6239,"minecraft:total_world_time":1909,"minecraft:fall_one_cm":778,"minecraft:fly_one_cm":2595}},"DataVersion":3465}