{"stats":{"minecraft:custom":{"minecraft:mob_kills":1,"minecraft:interact_with_crafting_table":9,"minecraft:interact_with_grindstone":1,"minecraft:leave_game":1,"minecraft:time_since_death":12706,"minecraft:sleep_in_bed":2,"minecraft:climb_one_cm":2074,"minecraft:time_since_rest":12843,"minecraft:sprint_one_cm":92140,"minecraft:damage_taken":516,"minecraft:walk_one_cm":94185,"minecraft:drop":55,"minecraft:damage_dealt":513,"minecraft:swim_one_cm":19931,"minecraft:talked_to_villager":1,"minecraft:fly_one_cm":140251,"minecraft:open_chest":8,"minecraft:crouch_one_cm":544,"minecraft:play_time":42659,"minecraft:deaths":1,"minecraft:sneak_time":243,"minecraft:walk_under_water_one_cm":2520,"minecraft:boat_one_cm":328602,"minecraft:jump":741,"minecraft:walk_on_water_one_cm":4367,"minecraft:interact_with_smoker":1,"minecraft:total_world_time":42659,"minecraft:fall_one_cm":18314},"minecraft:mined":{"minecraft:dark_oak_leaves":9,"minecraft:smoker":1,"minecraft:jungle_leaves":44,"minecraft:brewing_stand":1,"minecraft:crafting_table":5,"minecraft:torch":1,"minecraft:acacia_log":17,"minecraft:chest":4,"minecraft:jungle_log":6,"minecraft:brown_mushroom_block":18,"minecraft:tall_grass":1,"minecraft:grindstone":1,"minecraft:sugar_cane":1,"minecraft:wall_torch":2,"minecraft:hay_block":10,"minecraft:magma_block":3,"minecraft:grass":5,"minecraft:oak_log":2,"minecraft:vine":5,"minecraft:stone":30,"minecraft:netherrack":9,"minecraft:oak_leaves":3,"minecraft:fern":1,"minecraft:orange_bed":4},"minecraft:picked_up":{"minecraft:crafting_table":5,"minecraft:magma_block":7,"minecraft:wheat":3,"minecraft:feather":3,"minecraft:chicken":31,"minecraft:brown_wool":1,"minecraft:leather":2,"minecraft:glow_ink_sac":15,"minecraft:chest_minecart":3,"minecraft:jungle_log":6,"minecraft:golden_leggings":1,"minecraft:brown_mushroom":9,"minecraft:smoker":1,"minecraft:oak_log":3,"minecraft:brewing_stand":1,"minecraft:string":4,"minecraft:dirt":58,"minecraft:name_tag":1,"minecraft:bone":12,"minecraft:apple":4,"minecraft:kelp":55,"minecraft:activator_rail":4,"minecraft:wheat_seeds":8,"minecraft:detector_rail":2,"minecraft:beef":3,"minecraft:grindstone":1,"minecraft:light_gray_wool":2,"minecraft:iron_pickaxe":1,"minecraft:jungle_sapling":3,"minecraft:poppy":2,"minecraft:enchanted_golden_apple":1,"minecraft:bamboo":145,"minecraft:powered_rail":1,"minecraft:sugar_cane":1,"minecraft:chest":5,"minecraft:acacia_sapling":1,"minecraft:golden_helmet":2,"minecraft:dark_oak_sapling":1,"minecraft:stick":2,"minecraft:torch":3,"minecraft:acacia_log":16,"minecraft:gravel":1,"minecraft:fire_charge":1,"minecraft:porkchop":7,"minecraft:sand":41,"minecraft:redstone":4,"minecraft:dark_oak_log":1,"minecraft:orange_bed":4,"minecraft:pumpkin_seeds":4,"minecraft:arrow":4,"minecraft:rotten_flesh":20,"minecraft:diamond":2,"minecraft:beetroot_seeds":4,"minecraft:iron_helmet":1,"minecraft:hay_block":11,"minecraft:rail":25,"minecraft:coal":5,"minecraft:bread":79,"minecraft:white_wool":9,"minecraft:oak_sapling":13,"minecraft:glow_berries":5,"minecraft:netherrack":8,"minecraft:mutton":15,"minecraft:cobblestone":34},"minecraft:killed_by":{"minecraft:zombie":1},"minecraft:used":{"minecraft:leather_leggings":1,"minecraft:acacia_log":1,"minecraft:stone_pickaxe":39,"minecraft:wooden_pickaxe":6,"minecraft:rotten_flesh":4,"minecraft:orange_bed":4,"minecraft:mutton":2,"minecraft:crafting_table":6,"minecraft:acacia_sapling":1,"minecraft:bread":3,"minecraft:suspicious_stew":2,"minecraft:leather_helmet":1,"minecraft:iron_helmet":1,"minecraft:stone_axe":55,"minecraft:acacia_planks":1},"minecraft:killed":{"minecraft:zombie":1},"minecraft:crafted":{"minecraft:oak_planks":12,"minecraft:crafting_table":2,"minecraft:wooden_pickaxe":2,"minecraft:stone_axe":1,"minecraft:bread":21,"minecraft:stick":12,"minecraft:stone_pickaxe":1,"minecraft:acacia_planks":12,"minecraft:wheat":63},"minecraft:dropped":{"minecraft:bread":60,"minecraft:porkchop":7,"minecraft:wheat_seeds":13,"minecraft:glow_ink_sac":3,"minecraft:detector_rail":2,"minecraft:diamond":2,"minecraft:rotten_flesh":10,"minecraft:chicken":31,"minecraft:feather":3,"minecraft:cobblestone":2,"minecraft:glow_berries":4,"minecraft:light_gray_wool":2,"minecraft:enchanted_golden_apple":1,"minecraft:chest_minecart":3,"minecraft:leather":2,"minecraft:pumpkin_seeds":4,"minecraft:name_tag":1,"minecraft:rail":25,"minecraft:activator_rail":4,"minecraft:coal":5,"minecraft:dirt":47,"minecraft:hay_block":4,"minecraft:dark_oak_log":1,"minecraft:mutton":13,"minecraft:beetroot_seeds":4,"minecraft:brown_wool":1,"minecraft:bamboo":1,"minecraft:sand":41,"minecraft:arrow":4,"minecraft:powered_rail":1,"minecraft:beef":3,"minecraft:iron_pickaxe":1,"minecraft:white_wool":8,"minecraft:string":4,"minecraft:redstone":4,"minecraft:bone":11}},"DataVersion":3465}