{"stats":{"minecraft:custom":{"minecraft:mob_kills":2,"minecraft:interact_with_crafting_table":11,"minecraft:leave_game":1,"minecraft:time_since_death":24706,"minecraft:climb_one_cm":2074,"minecraft:sprint_one_cm":127511,"minecraft:walk_one_cm":113803,"minecraft:drop":55,"minecraft:talked_to_villager":1,"minecraft:play_time":54659,"minecraft:deaths":1,"minecraft:sneak_time":251,"minecraft:walk_under_water_one_cm":2863,"minecraft:boat_one_cm":413087,"minecraft:jump":928,"minecraft:walk_on_water_one_cm":6767,"minecraft:total_world_time":54659,"minecraft:interact_with_grindstone":1,"minecraft:sleep_in_bed":3,"minecraft:time_since_rest":7227,"minecraft:damage_taken":548,"minecraft:damage_dealt":732,"minecraft:swim_one_cm":31736,"minecraft:fly_one_cm":172746,"minecraft:open_chest":9,"minecraft:crouch_one_cm":577,"minecraft:interact_with_smoker":1,"minecraft:fall_one_cm":21838},"minecraft:mined":{"minecraft:dark_oak_leaves":9,"minecraft:jungle_leaves":44,"minecraft:brewing_stand":1,"minecraft:acacia_log":17,"minecraft:jungle_log":6,"minecraft:brown_mushroom_block":18,"minecraft:spruce_leaves":2,"minecraft:large_fern":1,"minecraft:hay_block":10,"minecraft:magma_block":3,"minecraft:vine":5,"minecraft:stone":30,"minecraft:orange_bed":4,"minecraft:smoker":1,"minecraft:crafting_table":5,"minecraft:torch":1,"minecraft:chest":4,"minecraft:tall_grass":1,"minecraft:grindstone":1,"minecraft:sugar_cane":4,"minecraft:wall_torch":2,"minecraft:sweet_berry_bush":4,"minecraft:spruce_log":4,"minecraft:grass":5,"minecraft:oak_log":2,"minecraft:netherrack":9,"minecraft:oak_leaves":3,"minecraft:fern":1},"minecraft:picked_up":{"minecraft:crafting_table":5,"minecraft:wheat":3,"minecraft:chicken":31,"minecraft:chest_minecart":3,"minecraft:brown_mushroom":9,"minecraft:brewing_stand":1,"minecraft:string":5,"minecraft:activator_rail":4,"minecraft:detector_rail":2,"minecraft:beef":3,"minecraft:jungle_sapling":3,"minecraft:poppy":2,"minecraft:iron_pickaxe":1,"minecraft:light_gray_wool":2,"minecraft:enchanted_golden_apple":1,"minecraft:sugar_cane":5,"minecraft:chest":5,"minecraft:birch_sapling":1,"minecraft:dark_oak_sapling":1,"minecraft:golden_helmet":2,"minecraft:stick":2,"minecraft:torch":3,"minecraft:acacia_log":16,"minecraft:fire_charge":1,"minecraft:porkchop":7,"minecraft:redstone":4,"minecraft:orange_bed":4,"minecraft:arrow":4,"minecraft:rotten_flesh":20,"minecraft:beetroot_seeds":4,"minecraft:hay_block":11,"minecraft:cobblestone":34,"minecraft:glow_berries":5,"minecraft:mutton":15,"minecraft:white_wool":9,"minecraft:rail":25,"minecraft:magma_block":7,"minecraft:feather":3,"minecraft:glow_ink_sac":15,"minecraft:jungle_log":6,"minecraft:leather":2,"minecraft:brown_wool":1,"minecraft:golden_leggings":1,"minecraft:smoker":1,"minecraft:oak_log":3,"minecraft:dirt":58,"minecraft:name_tag":1,"minecraft:bone":12,"minecraft:acacia_planks":2,"minecraft:apple":4,"minecraft:kelp":55,"minecraft:wheat_seeds":8,"minecraft:grindstone":1,"minecraft:bamboo":145,"minecraft:powered_rail":1,"minecraft:acacia_sapling":1,"minecraft:sweet_berries":6,"minecraft:gravel":1,"minecraft:sand":41,"minecraft:spruce_log":4,"minecraft:dark_oak_log":1,"minecraft:pumpkin_seeds":4,"minecraft:diamond":2,"minecraft:iron_helmet":1,"minecraft:bread":79,"minecraft:oak_sapling":13,"minecraft:acacia_slab":6,"minecraft:netherrack":8,"minecraft:coal":5},"minecraft:killed_by":{"minecraft:zombie":1},"minecraft:used":{"minecraft:acacia_log":1,"minecraft:rotten_flesh":4,"minecraft:orange_bed":4,"minecraft:dirt":5,"minecraft:mutton":2,"minecraft:acacia_sapling":1,"minecraft:iron_helmet":1,"minecraft:golden_sword":8,"minecraft:sweet_berries":6,"minecraft:acacia_planks":1,"minecraft:leather_leggings":1,"minecraft:stone_pickaxe":39,"minecraft:wooden_pickaxe":6,"minecraft:crafting_table":7,"minecraft:bread":3,"minecraft:suspicious_stew":3,"minecraft:leather_helmet":1,"minecraft:stone_axe":55},"minecraft:killed":{"minecraft:spider":1,"minecraft:zombie":1},"minecraft:crafted":{"minecraft:oak_planks":12,"minecraft:stone_pickaxe":1,"minecraft:wheat":63,"minecraft:crafting_table":2,"minecraft:spruce_planks":8,"minecraft:wooden_pickaxe":2,"minecraft:stone_axe":1,"minecraft:bread":21,"minecraft:shield":1,"minecraft:stick":12,"minecraft:iron_ingot":3,"minecraft:acacia_planks":12},"minecraft:dropped":{"minecraft:bread":60,"minecraft:porkchop":7,"minecraft:wheat_seeds":13,"minecraft:glow_ink_sac":3,"minecraft:diamond":2,"minecraft:feather":3,"minecraft:cobblestone":2,"minecraft:glow_berries":4,"minecraft:leather":2,"minecraft:chest_minecart":3,"minecraft:activator_rail":4,"minecraft:rail":25,"minecraft:coal":5,"minecraft:dirt":47,"minecraft:dark_oak_log":1,"minecraft:mutton":13,"minecraft:brown_wool":1,"minecraft:sand":41,"minecraft:iron_pickaxe":1,"minecraft:string":4,"minecraft:white_wool":8,"minecraft:bone":11,"minecraft:redstone":4,"minecraft:detector_rail":2,"minecraft:chicken":31,"minecraft:rotten_flesh":10,"minecraft:light_gray_wool":2,"minecraft:enchanted_golden_apple":1,"minecraft:name_tag":1,"minecraft:pumpkin_seeds":4,"minecraft:hay_block":4,"minecraft:beetroot_seeds":4,"minecraft:bamboo":1,"minecraft:arrow":4,"minecraft:powered_rail":1,"minecraft:beef":3}},"DataVersion":3465}