{"stats":{"minecraft:custom":{"minecraft:time_since_rest":6659,"minecraft:open_chest":3,"minecraft:play_time":6659,"minecraft:sprint_one_cm":18222,"minecraft:walk_one_cm":25236,"minecraft:drop":10,"minecraft:jump":123,"minecraft:interact_with_grindstone":1,"minecraft:leave_game":1,"minecraft:time_since_death":6659,"minecraft:interact_with_smoker":1,"minecraft:total_world_time":6659,"minecraft:talked_to_villager":1,"minecraft:interact_with_crafting_table":2,"minecraft:fall_one_cm":3253,"minecraft:fly_one_cm":35675},"minecraft:mined":{"minecraft:grass":3,"minecraft:hay_block":10,"minecraft:acacia_log":2,"minecraft:tall_grass":1,"minecraft:crafting_table":1,"minecraft:torch":1},"minecraft:picked_up":{"minecraft:crafting_table":1,"minecraft:wheat_seeds":3,"minecraft:torch":1,"minecraft:acacia_log":2,"minecraft:iron_helmet":1,"minecraft:hay_block":11,"minecraft:bread":79},"minecraft:used":{"minecraft:crafting_table":2,"minecraft:bread":1,"minecraft:iron_helmet":1,"minecraft:acacia_sapling":1,"minecraft:acacia_planks":1},"minecraft:crafted":{"minecraft:acacia_planks":8,"minecraft:crafting_table":1,"minecraft:bread":21,"minecraft:wheat":63},"minecraft:dropped":{"minecraft:bread":60,"minecraft:hay_block":4,"minecraft:wheat_seeds":4}},"DataVersion":3465}