{"stats":{"minecraft:custom":{"minecraft:mob_kills":1,"minecraft:interact_with_crafting_table":6,"minecraft:interact_with_grindstone":1,"minecraft:leave_game":1,"minecraft:time_since_death":706,"minecraft:sleep_in_bed":2,"minecraft:climb_one_cm":2074,"minecraft:time_since_rest":843,"minecraft:sprint_one_cm":64028,"minecraft:damage_taken":366,"minecraft:walk_one_cm":72624,"minecraft:drop":19,"minecraft:damage_dealt":513,"minecraft:swim_one_cm":8187,"minecraft:talked_to_villager":1,"minecraft:fly_one_cm":108876,"minecraft:open_chest":6,"minecraft:crouch_one_cm":437,"minecraft:play_time":30659,"minecraft:deaths":1,"minecraft:sneak_time":220,"minecraft:walk_under_water_one_cm":141,"minecraft:boat_one_cm":190330,"minecraft:jump":558,"minecraft:walk_on_water_one_cm":2372,"minecraft:interact_with_smoker":1,"minecraft:total_world_time":30659,"minecraft:fall_one_cm":11970},"minecraft:mined":{"minecraft:dark_oak_leaves":9,"minecraft:smoker":1,"minecraft:jungle_leaves":44,"minecraft:brewing_stand":1,"minecraft:crafting_table":4,"minecraft:torch":1,"minecraft:acacia_log":17,"minecraft:chest":4,"minecraft:jungle_log":6,"minecraft:brown_mushroom_block":18,"minecraft:tall_grass":1,"minecraft:grindstone":1,"minecraft:sugar_cane":1,"minecraft:wall_torch":2,"minecraft:hay_block":10,"minecraft:magma_block":3,"minecraft:grass":5,"minecraft:vine":5,"minecraft:stone":30,"minecraft:netherrack":9,"minecraft:oak_leaves":3,"minecraft:fern":1,"minecraft:orange_bed":4},"minecraft:picked_up":{"minecraft:crafting_table":4,"minecraft:magma_block":7,"minecraft:wheat":3,"minecraft:glow_ink_sac":12,"minecraft:jungle_log":6,"minecraft:golden_leggings":1,"minecraft:brown_mushroom":9,"minecraft:smoker":1,"minecraft:brewing_stand":1,"minecraft:bone":1,"minecraft:apple":4,"minecraft:wheat_seeds":7,"minecraft:grindstone":1,"minecraft:jungle_sapling":3,"minecraft:poppy":2,"minecraft:bamboo":126,"minecraft:sugar_cane":1,"minecraft:chest":5,"minecraft:golden_helmet":2,"minecraft:dark_oak_sapling":1,"minecraft:stick":2,"minecraft:torch":3,"minecraft:acacia_log":16,"minecraft:fire_charge":1,"minecraft:orange_bed":4,"minecraft:rotten_flesh":6,"minecraft:iron_helmet":1,"minecraft:hay_block":11,"minecraft:bread":79,"minecraft:oak_sapling":11,"minecraft:glow_berries":1,"minecraft:netherrack":8,"minecraft:cobblestone":30},"minecraft:killed_by":{"minecraft:zombie":1},"minecraft:used":{"minecraft:acacia_log":1,"minecraft:stone_pickaxe":39,"minecraft:wooden_pickaxe":6,"minecraft:orange_bed":4,"minecraft:crafting_table":5,"minecraft:acacia_sapling":1,"minecraft:bread":3,"minecraft:iron_helmet":1,"minecraft:stone_axe":55,"minecraft:acacia_planks":1},"minecraft:killed":{"minecraft:zombie":1},"minecraft:crafted":{"minecraft:crafting_table":1,"minecraft:wooden_pickaxe":1,"minecraft:stone_axe":1,"minecraft:bread":21,"minecraft:stick":8,"minecraft:stone_pickaxe":1,"minecraft:acacia_planks":12,"minecraft:wheat":63},"minecraft:dropped":{"minecraft:bread":60,"minecraft:wheat_seeds":12,"minecraft:hay_block":4,"minecraft:bone":1}},"DataVersion":3465}