{"stats":{"minecraft:broken":{"minecraft:iron_shovel":1,"minecraft:stone_axe":1,"minecraft:stone_shovel":2,"minecraft:iron_axe":1,"minecraft:golden_pickaxe":1},"minecraft:custom":{"minecraft:interact_with_crafting_table":72,"minecraft:bell_ring":31,"minecraft:leave_game":9,"minecraft:time_since_death":45435,"minecraft:sprint_one_cm":552171,"minecraft:damage_blocked_by_shield":100,"minecraft:drop":87,"minecraft:talked_to_villager":15,"minecraft:play_time":278442,"minecraft:deaths":5,"minecraft:jump":4639,"minecraft:walk_on_water_one_cm":48013,"minecraft:interact_with_furnace":57,"minecraft:traded_with_villager":31,"minecraft:sleep_in_bed":12,"minecraft:damage_dealt":16451,"minecraft:crouch_one_cm":37705,"minecraft:interact_with_smoker":8,"minecraft:inspect_dispenser":2,"minecraft:mob_kills":28,"minecraft:interact_with_anvil":1,"minecraft:climb_one_cm":3129,"minecraft:walk_one_cm":755007,"minecraft:sneak_time":17936,"minecraft:walk_under_water_one_cm":5741,"minecraft:boat_one_cm":413937,"minecraft:total_world_time":278442,"minecraft:interact_with_grindstone":1,"minecraft:interact_with_stonecutter":5,"minecraft:time_since_rest":37690,"minecraft:damage_taken":2578,"minecraft:swim_one_cm":40577,"minecraft:fly_one_cm":867207,"minecraft:open_chest":121,"minecraft:fall_one_cm":110020},"minecraft:mined":{"minecraft:dark_oak_planks":26,"minecraft:white_bed":12,"minecraft:jungle_leaves":44,"minecraft:brewing_stand":1,"minecraft:acacia_log":17,"minecraft:grass_block":281,"minecraft:jungle_log":6,"minecraft:composter":1,"minecraft:hopper":3,"minecraft:oak_wall_sign":3,"minecraft:magma_block":3,"minecraft:dark_oak_trapdoor":4,"minecraft:fire":9,"minecraft:orange_bed":4,"minecraft:smoker":2,"minecraft:torch":3,"minecraft:poppy":1,"minecraft:chest":10,"minecraft:glass":93,"minecraft:cobblestone":30,"minecraft:grindstone":1,"minecraft:sugar_cane":4,"minecraft:oak_planks":10,"minecraft:wall_torch":4,"minecraft:cauldron":1,"minecraft:dark_oak_slab":12,"minecraft:wheat":3,"minecraft:grass":68,"minecraft:oak_log":21,"minecraft:beetroots":1,"minecraft:dark_oak_sapling":1,"minecraft:sand":129,"minecraft:dirt":285,"minecraft:netherrack":9,"minecraft:oak_leaves":409,"minecraft:dark_oak_leaves":9,"minecraft:dark_oak_log":24,"minecraft:brown_mushroom_block":18,"minecraft:spruce_leaves":2,"minecraft:large_fern":1,"minecraft:hay_block":39,"minecraft:carrots":4,"minecraft:bell":4,"minecraft:potatoes":7,"minecraft:vine":5,"minecraft:stone":174,"minecraft:oak_slab":3,"minecraft:oak_fence":3,"minecraft:crafting_table":7,"minecraft:cornflower":1,"minecraft:tall_grass":3,"minecraft:diorite":2,"minecraft:dark_oak_wall_sign":9,"minecraft:sweet_berry_bush":4,"minecraft:spruce_log":4,"minecraft:yellow_bed":16,"minecraft:fern":1},"minecraft:picked_up":{"minecraft:iron_chestplate":3,"minecraft:wheat":6,"minecraft:lead":3,"minecraft:brewing_stand":1,"minecraft:string":2308,"minecraft:dark_oak_trapdoor":2,"minecraft:iron_leggings":3,"minecraft:oak_sign":7,"minecraft:beetroot":1,"minecraft:activator_rail":4,"minecraft:bucket":3,"minecraft:iron_pickaxe":4,"minecraft:enchanted_golden_apple":1,"minecraft:iron_boots":3,"minecraft:golden_helmet":2,"minecraft:stick":9,"minecraft:composter":1,"minecraft:oak_fence":7,"minecraft:torch":12,"minecraft:acacia_log":16,"minecraft:porkchop":7,"minecraft:diorite":2,"minecraft:cauldron":2,"minecraft:orange_bed":4,"minecraft:rotten_flesh":38,"minecraft:cobblestone":284,"minecraft:magma_block":7,"minecraft:leather_chestplate":1,"minecraft:feather":3,"minecraft:cooked_beef":2,"minecraft:water_bucket":2,"minecraft:jungle_log":6,"minecraft:brown_wool":1,"minecraft:golden_leggings":1,"minecraft:smoker":2,"minecraft:potato":28,"minecraft:dirt":776,"minecraft:name_tag":1,"minecraft:glass":39,"minecraft:bone":16,"minecraft:acacia_planks":2,"minecraft:bow":4,"minecraft:wheat_seeds":56,"minecraft:bell":5,"minecraft:grindstone":1,"minecraft:dark_oak_sign":8,"minecraft:bamboo":147,"minecraft:powered_rail":1,"minecraft:oak_planks":18,"minecraft:sand":182,"minecraft:dark_oak_log":66,"minecraft:diamond":2,"minecraft:bone_meal":6,"minecraft:bread":336,"minecraft:oak_sapling":15,"minecraft:netherrack":8,"minecraft:oak_leaves":445,"minecraft:crafting_table":8,"minecraft:chicken":31,"minecraft:leather_leggings":4,"minecraft:golden_pickaxe":4,"minecraft:chest_minecart":3,"minecraft:brown_mushroom":9,"minecraft:shield":4,"minecraft:cornflower":1,"minecraft:oak_trapdoor":1,"minecraft:iron_axe":3,"minecraft:white_carpet":64,"minecraft:iron_shovel":1,"minecraft:detector_rail":2,"minecraft:beef":18,"minecraft:oak_boat":2,"minecraft:jungle_sapling":3,"minecraft:poppy":85,"minecraft:light_gray_wool":2,"minecraft:minecart":2,"minecraft:sugar_cane":5,"minecraft:chest":13,"minecraft:birch_sapling":1,"minecraft:dark_oak_sapling":5,"minecraft:fire_charge":1,"minecraft:carrot":23,"minecraft:redstone":4,"minecraft:dark_oak_planks":44,"minecraft:arrow":18,"minecraft:stone_shovel":1,"minecraft:beetroot_seeds":6,"minecraft:shears":5,"minecraft:hay_block":42,"minecraft:glow_berries":5,"minecraft:mutton":15,"minecraft:white_wool":9,"minecraft:rail":25,"minecraft:glow_ink_sac":15,"minecraft:leather":2,"minecraft:oak_log":30,"minecraft:yellow_bed":20,"minecraft:gunpowder":4,"minecraft:wooden_hoe":2,"minecraft:apple":4,"minecraft:kelp":55,"minecraft:iron_ingot":176,"minecraft:oak_fence_gate":2,"minecraft:acacia_sapling":1,"minecraft:oak_slab":12,"minecraft:dark_oak_slab":21,"minecraft:sweet_berries":6,"minecraft:stone_brick_slab":3,"minecraft:gravel":1,"minecraft:white_bed":16,"minecraft:spruce_log":4,"minecraft:spider_eye":2,"minecraft:leather_helmet":1,"minecraft:pumpkin_seeds":4,"minecraft:stone_axe":1,"minecraft:iron_helmet":4,"minecraft:oak_button":3,"minecraft:acacia_slab":6,"minecraft:coal":5,"minecraft:hopper":3},"minecraft:killed_by":{"minecraft:creeper":1,"minecraft:zombie":1,"minecraft:iron_golem":2,"minecraft:skeleton":1},"minecraft:used":{"minecraft:iron_shovel":275,"minecraft:oak_sign":4,"minecraft:shield":5,"minecraft:chest":12,"minecraft:stone":23,"minecraft:bell":3,"minecraft:rotten_flesh":6,"minecraft:iron_chestplate":1,"minecraft:mutton":2,"minecraft:carrot":6,"minecraft:acacia_sapling":2,"minecraft:glass":114,"minecraft:lava_bucket":3,"minecraft:birch_sapling":1,"minecraft:iron_helmet":2,"minecraft:dark_oak_slab":6,"minecraft:golden_sword":16,"minecraft:sweet_berries":6,"minecraft:furnace":2,"minecraft:potato":6,"minecraft:dark_oak_sapling":6,"minecraft:leather_leggings":1,"minecraft:stone_pickaxe":39,"minecraft:dark_oak_sign":16,"minecraft:oak_planks":9,"minecraft:wooden_pickaxe":6,"minecraft:composter":1,"minecraft:oak_leaves":390,"minecraft:dark_oak_trapdoor":6,"minecraft:shears":407,"minecraft:lever":1,"minecraft:bread":38,"minecraft:string":2,"minecraft:oak_boat":4,"minecraft:bone_meal":3,"minecraft:golden_pickaxe":67,"minecraft:acacia_log":1,"minecraft:stone_shovel":249,"minecraft:orange_bed":4,"minecraft:torch":6,"minecraft:dirt":358,"minecraft:anvil":1,"minecraft:hopper":4,"minecraft:stone_brick_slab":16,"minecraft:dark_oak_planks":121,"minecraft:iron_axe":182,"minecraft:bamboo":20,"minecraft:tripwire_hook":2,"minecraft:cooked_beef":2,"minecraft:acacia_planks":1,"minecraft:iron_leggings":1,"minecraft:wheat_seeds":3,"minecraft:water_bucket":44,"minecraft:cauldron":1,"minecraft:stonecutter":1,"minecraft:oak_slab":6,"minecraft:crafting_table":14,"minecraft:white_bed":8,"minecraft:smoker":2,"minecraft:bat_spawn_egg":1,"minecraft:wooden_hoe":32,"minecraft:suspicious_stew":3,"minecraft:iron_pickaxe":165,"minecraft:leather_helmet":1,"minecraft:stone_axe":147,"minecraft:cobblestone":63,"minecraft:bucket":48,"minecraft:yellow_bed":14},"minecraft:killed":{"minecraft:spider":5,"minecraft:skeleton":1,"minecraft:iron_golem":15,"minecraft:creeper":1,"minecraft:zombie":5,"minecraft:villager":1},"minecraft:dropped":{"minecraft:porkchop":7,"minecraft:oak_log":9,"minecraft:glow_ink_sac":3,"minecraft:diamond":2,"minecraft:glow_berries":4,"minecraft:leather":2,"minecraft:chest_minecart":3,"minecraft:rail":25,"minecraft:dirt":47,"minecraft:dark_oak_log":1,"minecraft:mutton":13,"minecraft:sand":41,"minecraft:iron_pickaxe":1,"minecraft:dark_oak_planks":49,"minecraft:white_wool":8,"minecraft:bone":11,"minecraft:detector_rail":2,"minecraft:rotten_flesh":11,"minecraft:enchanted_golden_apple":1,"minecraft:poppy":7,"minecraft:beetroot_seeds":4,"minecraft:arrow":4,"minecraft:beef":3,"minecraft:powered_rail":1,"minecraft:water_bucket":1,"minecraft:bread":60,"minecraft:wheat_seeds":19,"minecraft:oak_fence":3,"minecraft:feather":3,"minecraft:cobblestone":2,"minecraft:activator_rail":4,"minecraft:coal":5,"minecraft:torch":10,"minecraft:brown_wool":1,"minecraft:string":389,"minecraft:bucket":2,"minecraft:redstone":4,"minecraft:chicken":31,"minecraft:light_gray_wool":2,"minecraft:name_tag":1,"minecraft:pumpkin_seeds":4,"minecraft:hay_block":4,"minecraft:oak_button":2,"minecraft:oak_sapling":1,"minecraft:bamboo":1,"minecraft:bow":9},"minecraft:crafted":{"minecraft:oak_planks":84,"minecraft:oak_sign":3,"minecraft:stone":36,"minecraft:lever":1,"minecraft:hopper":1,"minecraft:glass":79,"minecraft:bow":5,"minecraft:iron_boots":1,"minecraft:chest":6,"minecraft:smoker":1,"minecraft:oak_slab":36,"minecraft:emerald":26,"minecraft:crafting_table":7,"minecraft:spruce_planks":16,"minecraft:wooden_pickaxe":2,"minecraft:iron_helmet":1,"minecraft:dark_oak_slab":6,"minecraft:wooden_hoe":1,"minecraft:iron_chestplate":1,"minecraft:shield":1,"minecraft:stick":384,"minecraft:iron_ingot":3,"minecraft:iron_pickaxe":1,"minecraft:iron_block":3,"minecraft:shears":1,"minecraft:stone_shovel":2,"minecraft:tripwire_hook":2,"minecraft:furnace":3,"minecraft:dark_oak_trapdoor":4,"minecraft:dark_oak_sign":9,"minecraft:white_carpet":192,"minecraft:iron_axe":2,"minecraft:stone_pickaxe":1,"minecraft:dark_oak_planks":325,"minecraft:wheat":324,"minecraft:cooked_beef":2,"minecraft:bucket":2,"minecraft:stone_axe":2,"minecraft:bread":109,"minecraft:air":0,"minecraft:oak_boat":2,"minecraft:white_wool":128,"minecraft:iron_shovel":2,"minecraft:iron_leggings":1,"minecraft:stonecutter":1,"minecraft:anvil":1,"minecraft:acacia_planks":12,"minecraft:torch":12}},"DataVersion":3465}