{"stats":{"minecraft:custom":{"minecraft:mob_kills":43,"minecraft:inspect_hopper":1,"minecraft:interact_with_crafting_table":24,"minecraft:bell_ring":30,"minecraft:leave_game":5,"minecraft:time_since_death":143455,"minecraft:climb_one_cm":4417,"minecraft:sprint_one_cm":463889,"minecraft:walk_one_cm":244838,"minecraft:drop":123,"minecraft:talked_to_villager":3,"minecraft:play_time":143455,"minecraft:sneak_time":9029,"minecraft:walk_under_water_one_cm":11551,"minecraft:boat_one_cm":420342,"minecraft:jump":4235,"minecraft:walk_on_water_one_cm":19192,"minecraft:total_world_time":143455,"minecraft:interact_with_furnace":9,"minecraft:sleep_in_bed":6,"minecraft:time_since_rest":5333,"minecraft:damage_taken":1232,"minecraft:damage_dealt":11952,"minecraft:swim_one_cm":33185,"minecraft:fly_one_cm":956707,"minecraft:open_chest":76,"minecraft:crouch_one_cm":35852,"minecraft:fall_one_cm":115903},"minecraft:broken":{"minecraft:stone_sword":1,"minecraft:stone_axe":1,"minecraft:stone_shovel":1},"minecraft:used":{"minecraft:stone_sword":192,"minecraft:stone_shovel":204,"minecraft:ladder":3,"minecraft:chest":6,"minecraft:grass":1,"minecraft:bell":4,"minecraft:netherrack":1,"minecraft:orange_bed":3,"minecraft:torch":25,"minecraft:dirt":84,"minecraft:hopper":2,"minecraft:jungle_planks":5,"minecraft:granite":3,"minecraft:glass":35,"minecraft:lava_bucket":2,"minecraft:iron_axe":63,"minecraft:jungle_log":2,"minecraft:iron_helmet":1,"minecraft:dark_oak_slab":7,"minecraft:bamboo":5,"minecraft:oak_sapling":2,"minecraft:egg":2,"minecraft:acacia_planks":26,"minecraft:acacia_boat":6,"minecraft:water_bucket":19,"minecraft:oak_planks":2,"minecraft:orange_tulip":1,"minecraft:composter":6,"minecraft:oak_leaves":127,"minecraft:crafting_table":7,"minecraft:white_bed":8,"minecraft:shears":158,"minecraft:oak_log":10,"minecraft:bread":44,"minecraft:melon_slice":14,"minecraft:iron_pickaxe":100,"minecraft:stone_axe":128,"minecraft:cobblestone":31,"minecraft:andesite":3,"minecraft:bucket":23,"minecraft:yellow_bed":11},"minecraft:crafted":{"minecraft:oak_planks":20,"minecraft:stone_shovel":3,"minecraft:bone_meal":6,"minecraft:glass":39,"minecraft:hopper":1,"minecraft:iron_axe":1,"minecraft:ladder":3,"minecraft:chest":7,"minecraft:wheat":333,"minecraft:crafting_table":2,"minecraft:acacia_slab":6,"minecraft:bucket":1,"minecraft:stone_axe":1,"minecraft:bread":111,"minecraft:acacia_boat":1,"minecraft:air":0,"minecraft:jungle_planks":36,"minecraft:dark_oak_slab":6,"minecraft:paper":6,"minecraft:stick":32,"minecraft:iron_ingot":1,"minecraft:iron_pickaxe":1,"minecraft:stone_sword":2,"minecraft:white_bed":2,"minecraft:acacia_planks":52,"minecraft:shears":2},"minecraft:mined":{"minecraft:white_bed":6,"minecraft:farmland":25,"minecraft:dark_oak_leaves":48,"minecraft:jungle_leaves":4,"minecraft:dark_oak_log":24,"minecraft:sea_lantern":1,"minecraft:brewing_stand":1,"minecraft:granite":6,"minecraft:acacia_log":11,"minecraft:grass_block":129,"minecraft:jungle_log":11,"minecraft:spruce_leaves":4,"minecraft:composter":7,"minecraft:hopper":1,"minecraft:hay_block":34,"minecraft:tall_seagrass":1,"minecraft:magma_block":4,"minecraft:carrots":6,"minecraft:acacia_wood":1,"minecraft:andesite":3,"minecraft:azure_bluet":1,"minecraft:gold_block":1,"minecraft:bell":4,"minecraft:potatoes":7,"minecraft:vine":2,"minecraft:bamboo":11,"minecraft:stone":44,"minecraft:orange_bed":3,"minecraft:glass_pane":1,"minecraft:melon_stem":1,"minecraft:dandelion":2,"minecraft:crafting_table":9,"minecraft:torch":9,"minecraft:blast_furnace":2,"minecraft:melon":4,"minecraft:chest":1,"minecraft:tall_grass":53,"minecraft:cobblestone":13,"minecraft:sugar_cane":14,"minecraft:oak_planks":2,"minecraft:wall_torch":9,"minecraft:acacia_sapling":1,"minecraft:dark_oak_slab":1,"minecraft:wheat":12,"minecraft:sweet_berry_bush":2,"minecraft:birch_leaves":2,"minecraft:orange_tulip":1,"minecraft:yellow_bed":10,"minecraft:grass":262,"minecraft:oak_log":52,"minecraft:coal_ore":8,"minecraft:dirt":84,"minecraft:acacia_planks":3,"minecraft:netherrack":2,"minecraft:oak_leaves":181,"minecraft:fern":2},"minecraft:dropped":{"minecraft:water_bucket":1,"minecraft:iron_ingot":11,"minecraft:bread":79,"minecraft:porkchop":5,"minecraft:wheat_seeds":64,"minecraft:golden_helmet":1,"minecraft:oak_log":2,"minecraft:iron_helmet":1,"minecraft:cobblestone":1,"minecraft:apple":4,"minecraft:stick":11,"minecraft:dirt":2,"minecraft:grass":2,"minecraft:mutton":3,"minecraft:seagrass":2,"minecraft:map":6,"minecraft:jungle_sapling":1,"minecraft:string":600,"minecraft:white_wool":1,"minecraft:acacia_planks":2,"minecraft:dandelion":2,"minecraft:bone":3,"minecraft:gravel":1,"minecraft:sugar_cane":1,"minecraft:kelp":55,"minecraft:sweet_berries":6,"minecraft:iron_nugget":7,"minecraft:birch_sapling":2,"minecraft:wheat":3,"minecraft:rotten_flesh":4,"minecraft:azure_bluet":1,"minecraft:carrot":24,"minecraft:shears":1,"minecraft:poppy":5,"minecraft:potato":19,"minecraft:jungle_log":1,"minecraft:melon_seeds":5,"minecraft:oak_sapling":1,"minecraft:acacia_slab":6,"minecraft:golden_leggings":1,"minecraft:acacia_sapling":1,"minecraft:beef":1,"minecraft:magma_block":4,"minecraft:oak_leaves":28,"minecraft:netherrack":1,"minecraft:egg":16},"minecraft:killed":{"minecraft:spider":2,"minecraft:skeleton":2,"minecraft:drowned":1,"minecraft:turtle":3,"minecraft:pig":2,"minecraft:iron_golem":6,"minecraft:creeper":12,"minecraft:zombie":9,"minecraft:cow":5},"minecraft:picked_up":{"minecraft:seagrass":2,"minecraft:crafting_table":9,"minecraft:wheat":6,"minecraft:azure_bluet":1,"minecraft:gold_block":1,"minecraft:brewing_stand":1,"minecraft:string":2835,"minecraft:bucket":1,"minecraft:beef":19,"minecraft:oak_boat":1,"minecraft:jungle_sapling":1,"minecraft:poppy":7,"minecraft:melon_slice":18,"minecraft:sugar_cane":35,"minecraft:birch_sapling":2,"minecraft:egg":18,"minecraft:dark_oak_sapling":6,"minecraft:stick":18,"minecraft:composter":7,"minecraft:torch":35,"minecraft:acacia_log":12,"minecraft:porkchop":5,"minecraft:carrot":24,"minecraft:dark_oak_planks":49,"minecraft:orange_bed":3,"minecraft:arrow":11,"minecraft:rotten_flesh":4,"minecraft:hay_block":37,"minecraft:mutton":2,"minecraft:white_wool":17,"minecraft:cobblestone":54,"minecraft:magma_block":4,"minecraft:andesite":3,"minecraft:jungle_log":12,"minecraft:leather":7,"minecraft:acacia_wood":1,"minecraft:potato":19,"minecraft:oak_log":53,"minecraft:yellow_bed":10,"minecraft:acacia_boat":5,"minecraft:gunpowder":15,"minecraft:dirt":247,"minecraft:bone":11,"minecraft:acacia_planks":3,"minecraft:kelp":55,"minecraft:wheat_seeds":64,"minecraft:orange_tulip":1,"minecraft:bell":4,"minecraft:iron_ingot":27,"minecraft:bamboo":69,"minecraft:acacia_sapling":1,"minecraft:oak_planks":2,"minecraft:dark_oak_slab":5,"minecraft:sweet_berries":6,"minecraft:dandelion":2,"minecraft:gravel":1,"minecraft:blast_furnace":2,"minecraft:white_bed":6,"minecraft:dark_oak_log":27,"minecraft:granite":3,"minecraft:grass":3,"minecraft:golden_apple":1,"minecraft:bread":60,"minecraft:oak_sapling":1,"minecraft:netherrack":2,"minecraft:melon_seeds":5,"minecraft:oak_leaves":155,"minecraft:coal":8,"minecraft:hopper":1}},"DataVersion":3465}