{"stats":{"minecraft:custom":{"minecraft:mob_kills":11,"minecraft:interact_with_crafting_table":10,"minecraft:time_since_death":29999,"minecraft:sleep_in_bed":2,"minecraft:climb_one_cm":3565,"minecraft:time_since_rest":3574,"minecraft:sprint_one_cm":100221,"minecraft:damage_taken":301,"minecraft:walk_one_cm":47831,"minecraft:drop":51,"minecraft:damage_dealt":2239,"minecraft:swim_one_cm":1392,"minecraft:talked_to_villager":3,"minecraft:fly_one_cm":184667,"minecraft:open_chest":7,"minecraft:crouch_one_cm":7297,"minecraft:play_time":29999,"minecraft:sneak_time":1484,"minecraft:walk_under_water_one_cm":758,"minecraft:boat_one_cm":193877,"minecraft:jump":770,"minecraft:walk_on_water_one_cm":3275,"minecraft:total_world_time":29999,"minecraft:fall_one_cm":21890},"minecraft:mined":{"minecraft:glass_pane":1,"minecraft:dark_oak_leaves":44,"minecraft:melon_stem":1,"minecraft:jungle_leaves":4,"minecraft:dark_oak_log":24,"minecraft:brewing_stand":1,"minecraft:crafting_table":6,"minecraft:torch":8,"minecraft:blast_furnace":1,"minecraft:acacia_log":11,"minecraft:melon":4,"minecraft:chest":1,"minecraft:jungle_log":11,"minecraft:tall_grass":20,"minecraft:cobblestone":3,"minecraft:sugar_cane":10,"minecraft:wall_torch":9,"minecraft:hay_block":15,"minecraft:tall_seagrass":1,"minecraft:magma_block":4,"minecraft:acacia_sapling":1,"minecraft:wheat":1,"minecraft:acacia_wood":1,"minecraft:orange_tulip":1,"minecraft:bell":1,"minecraft:grass":23,"minecraft:vine":2,"minecraft:bamboo":9,"minecraft:stone":15,"minecraft:netherrack":2,"minecraft:oak_leaves":1,"minecraft:fern":2,"minecraft:orange_bed":3},"minecraft:picked_up":{"minecraft:magma_block":4,"minecraft:seagrass":2,"minecraft:crafting_table":6,"minecraft:jungle_log":12,"minecraft:leather":3,"minecraft:acacia_wood":1,"minecraft:brewing_stand":1,"minecraft:gunpowder":2,"minecraft:acacia_boat":3,"minecraft:bone":1,"minecraft:kelp":55,"minecraft:orange_tulip":1,"minecraft:wheat_seeds":8,"minecraft:bell":1,"minecraft:beef":5,"minecraft:iron_ingot":3,"minecraft:jungle_sapling":1,"minecraft:bamboo":69,"minecraft:melon_slice":18,"minecraft:sugar_cane":29,"minecraft:acacia_sapling":1,"minecraft:egg":17,"minecraft:dark_oak_sapling":4,"minecraft:stick":5,"minecraft:torch":17,"minecraft:acacia_log":12,"minecraft:gravel":1,"minecraft:porkchop":5,"minecraft:blast_furnace":1,"minecraft:dark_oak_log":24,"minecraft:orange_bed":3,"minecraft:hay_block":18,"minecraft:bread":60,"minecraft:netherrack":2,"minecraft:melon_seeds":2,"minecraft:cobblestone":18},"minecraft:used":{"minecraft:acacia_boat":3,"minecraft:stone_sword":52,"minecraft:orange_tulip":1,"minecraft:netherrack":1,"minecraft:orange_bed":3,"minecraft:crafting_table":5,"minecraft:bread":6,"minecraft:melon_slice":7,"minecraft:iron_pickaxe":38,"minecraft:iron_helmet":1,"minecraft:bamboo":5,"minecraft:stone_axe":100,"minecraft:cobblestone":5,"minecraft:bucket":1,"minecraft:egg":1},"minecraft:killed":{"minecraft:pig":2,"minecraft:iron_golem":1,"minecraft:creeper":2,"minecraft:turtle":2,"minecraft:cow":3},"minecraft:crafted":{"minecraft:crafting_table":1,"minecraft:bucket":1,"minecraft:stone_axe":1,"minecraft:acacia_boat":1,"minecraft:bread":54,"minecraft:paper":6,"minecraft:stick":8,"minecraft:iron_ingot":1,"minecraft:iron_pickaxe":1,"minecraft:stone_sword":1,"minecraft:acacia_planks":24,"minecraft:wheat":162},"minecraft:dropped":{"minecraft:bread":79,"minecraft:sugar_cane":1,"minecraft:porkchop":5,"minecraft:wheat_seeds":6,"minecraft:golden_helmet":1,"minecraft:iron_nugget":7,"minecraft:wheat":3,"minecraft:iron_helmet":1,"minecraft:cobblestone":1,"minecraft:apple":4,"minecraft:mutton":1,"minecraft:melon_seeds":1,"minecraft:jungle_log":1,"minecraft:seagrass":2,"minecraft:golden_leggings":1,"minecraft:jungle_sapling":1,"minecraft:beef":1,"minecraft:magma_block":4,"minecraft:netherrack":1,"minecraft:bone":1}},"DataVersion":3465}