{"stats":{"minecraft:custom":{"minecraft:time_since_rest":5999,"minecraft:sprint_one_cm":27737,"minecraft:damage_taken":30,"minecraft:walk_one_cm":15212,"minecraft:mob_kills":2,"minecraft:drop":29,"minecraft:damage_dealt":200,"minecraft:talked_to_villager":1,"minecraft:swim_one_cm":480,"minecraft:interact_with_crafting_table":2,"minecraft:fly_one_cm":41404,"minecraft:open_chest":5,"minecraft:crouch_one_cm":3330,"minecraft:play_time":5999,"minecraft:sneak_time":518,"minecraft:walk_under_water_one_cm":26,"minecraft:jump":142,"minecraft:time_since_death":5999,"minecraft:walk_on_water_one_cm":13,"minecraft:total_world_time":5999,"minecraft:fall_one_cm":5670},"minecraft:mined":{"minecraft:hay_block":15,"minecraft:wheat":1,"minecraft:crafting_table":2,"minecraft:grass":10,"minecraft:acacia_log":3,"minecraft:blast_furnace":1,"minecraft:melon":4,"minecraft:tall_grass":5,"minecraft:orange_bed":1},"minecraft:picked_up":{"minecraft:stick":1,"minecraft:crafting_table":2,"minecraft:acacia_log":3,"minecraft:porkchop":5,"minecraft:blast_furnace":1,"minecraft:orange_bed":1,"minecraft:bone":1,"minecraft:wheat_seeds":4,"minecraft:hay_block":18,"minecraft:bread":60,"minecraft:melon_slice":18,"minecraft:melon_seeds":1},"minecraft:used":{"minecraft:bread":1,"minecraft:iron_pickaxe":11,"minecraft:iron_helmet":1,"minecraft:crafting_table":2},"minecraft:killed":{"minecraft:pig":2},"minecraft:crafted":{"minecraft:crafting_table":1,"minecraft:stick":4,"minecraft:iron_pickaxe":1,"minecraft:acacia_planks":12,"minecraft:bread":54,"minecraft:wheat":162},"minecraft:dropped":{"minecraft:bread":79,"minecraft:wheat_seeds":3,"minecraft:melon_seeds":1,"minecraft:iron_helmet":1,"minecraft:bone":1}},"DataVersion":3465}