{"stats":{"minecraft:custom":{"minecraft:mob_kills":28,"minecraft:inspect_hopper":1,"minecraft:interact_with_crafting_table":22,"minecraft:bell_ring":19,"minecraft:leave_game":1,"minecraft:time_since_death":95894,"minecraft:climb_one_cm":3795,"minecraft:sprint_one_cm":337262,"minecraft:walk_one_cm":145251,"minecraft:drop":99,"minecraft:talked_to_villager":3,"minecraft:play_time":95894,"minecraft:sneak_time":4771,"minecraft:walk_under_water_one_cm":11219,"minecraft:boat_one_cm":420342,"minecraft:jump":2927,"minecraft:walk_on_water_one_cm":17339,"minecraft:total_world_time":95894,"minecraft:interact_with_furnace":2,"minecraft:sleep_in_bed":4,"minecraft:time_since_rest":20058,"minecraft:damage_taken":941,"minecraft:damage_dealt":5746,"minecraft:swim_one_cm":28642,"minecraft:fly_one_cm":672510,"minecraft:open_chest":43,"minecraft:crouch_one_cm":22504,"minecraft:fall_one_cm":87981},"minecraft:mined":{"minecraft:white_bed":6,"minecraft:dark_oak_leaves":48,"minecraft:jungle_leaves":4,"minecraft:dark_oak_log":24,"minecraft:sea_lantern":1,"minecraft:brewing_stand":1,"minecraft:granite":6,"minecraft:acacia_log":11,"minecraft:grass_block":111,"minecraft:jungle_log":11,"minecraft:spruce_leaves":4,"minecraft:hopper":1,"minecraft:hay_block":34,"minecraft:tall_seagrass":1,"minecraft:magma_block":4,"minecraft:acacia_wood":1,"minecraft:andesite":3,"minecraft:azure_bluet":1,"minecraft:gold_block":1,"minecraft:bell":4,"minecraft:vine":2,"minecraft:bamboo":11,"minecraft:stone":44,"minecraft:orange_bed":3,"minecraft:glass_pane":1,"minecraft:melon_stem":1,"minecraft:dandelion":2,"minecraft:crafting_table":8,"minecraft:torch":8,"minecraft:blast_furnace":2,"minecraft:melon":4,"minecraft:chest":1,"minecraft:tall_grass":53,"minecraft:cobblestone":7,"minecraft:sugar_cane":14,"minecraft:wall_torch":9,"minecraft:acacia_sapling":1,"minecraft:dark_oak_slab":1,"minecraft:sweet_berry_bush":2,"minecraft:wheat":1,"minecraft:yellow_bed":10,"minecraft:birch_leaves":2,"minecraft:orange_tulip":1,"minecraft:grass":235,"minecraft:coal_ore":8,"minecraft:oak_log":2,"minecraft:dirt":18,"minecraft:acacia_planks":3,"minecraft:netherrack":2,"minecraft:oak_leaves":15,"minecraft:fern":2},"minecraft:picked_up":{"minecraft:seagrass":2,"minecraft:crafting_table":8,"minecraft:azure_bluet":1,"minecraft:gold_block":1,"minecraft:brewing_stand":1,"minecraft:string":2579,"minecraft:beef":19,"minecraft:jungle_sapling":1,"minecraft:poppy":1,"minecraft:melon_slice":18,"minecraft:sugar_cane":35,"minecraft:birch_sapling":2,"minecraft:egg":18,"minecraft:dark_oak_sapling":6,"minecraft:stick":17,"minecraft:torch":25,"minecraft:acacia_log":12,"minecraft:porkchop":5,"minecraft:dark_oak_planks":49,"minecraft:orange_bed":3,"minecraft:rotten_flesh":1,"minecraft:arrow":10,"minecraft:hay_block":37,"minecraft:mutton":2,"minecraft:cobblestone":52,"minecraft:white_wool":17,"minecraft:magma_block":4,"minecraft:andesite":3,"minecraft:jungle_log":12,"minecraft:leather":7,"minecraft:acacia_wood":1,"minecraft:oak_log":7,"minecraft:yellow_bed":10,"minecraft:acacia_boat":5,"minecraft:gunpowder":10,"minecraft:dirt":139,"minecraft:bone":9,"minecraft:acacia_planks":3,"minecraft:kelp":55,"minecraft:orange_tulip":1,"minecraft:wheat_seeds":38,"minecraft:bell":4,"minecraft:iron_ingot":8,"minecraft:bamboo":69,"minecraft:acacia_sapling":1,"minecraft:dark_oak_slab":1,"minecraft:sweet_berries":6,"minecraft:dandelion":2,"minecraft:gravel":1,"minecraft:blast_furnace":2,"minecraft:white_bed":6,"minecraft:dark_oak_log":27,"minecraft:granite":3,"minecraft:grass":3,"minecraft:golden_apple":1,"minecraft:bread":60,"minecraft:oak_sapling":1,"minecraft:melon_seeds":5,"minecraft:netherrack":2,"minecraft:coal":8,"minecraft:hopper":1},"minecraft:used":{"minecraft:stone_sword":119,"minecraft:stone_shovel":122,"minecraft:chest":6,"minecraft:bell":3,"minecraft:grass":1,"minecraft:netherrack":1,"minecraft:orange_bed":3,"minecraft:torch":10,"minecraft:dirt":23,"minecraft:hopper":2,"minecraft:jungle_planks":5,"minecraft:granite":3,"minecraft:lava_bucket":1,"minecraft:jungle_log":2,"minecraft:iron_helmet":1,"minecraft:dark_oak_slab":3,"minecraft:bamboo":5,"minecraft:oak_sapling":2,"minecraft:egg":2,"minecraft:acacia_planks":26,"minecraft:acacia_boat":6,"minecraft:water_bucket":16,"minecraft:orange_tulip":1,"minecraft:crafting_table":7,"minecraft:white_bed":8,"minecraft:shears":1,"minecraft:oak_log":1,"minecraft:melon_slice":14,"minecraft:bread":29,"minecraft:iron_pickaxe":94,"minecraft:stone_axe":112,"minecraft:cobblestone":29,"minecraft:andesite":3,"minecraft:bucket":18,"minecraft:yellow_bed":10},"minecraft:killed":{"minecraft:spider":2,"minecraft:skeleton":1,"minecraft:drowned":1,"minecraft:turtle":3,"minecraft:pig":2,"minecraft:iron_golem":2,"minecraft:creeper":8,"minecraft:zombie":3,"minecraft:cow":5},"minecraft:crafted":{"minecraft:oak_planks":8,"minecraft:stone_shovel":3,"minecraft:hopper":1,"minecraft:chest":7,"minecraft:wheat":333,"minecraft:crafting_table":2,"minecraft:acacia_slab":6,"minecraft:bucket":1,"minecraft:stone_axe":1,"minecraft:bread":111,"minecraft:acacia_boat":1,"minecraft:jungle_planks":36,"minecraft:dark_oak_slab":6,"minecraft:paper":6,"minecraft:stick":8,"minecraft:iron_ingot":1,"minecraft:iron_pickaxe":1,"minecraft:stone_sword":1,"minecraft:white_bed":2,"minecraft:acacia_planks":52,"minecraft:shears":1},"minecraft:dropped":{"minecraft:water_bucket":1,"minecraft:iron_ingot":5,"minecraft:bread":79,"minecraft:porkchop":5,"minecraft:wheat_seeds":37,"minecraft:golden_helmet":1,"minecraft:iron_helmet":1,"minecraft:cobblestone":1,"minecraft:apple":4,"minecraft:stick":10,"minecraft:dirt":2,"minecraft:grass":2,"minecraft:mutton":3,"minecraft:seagrass":2,"minecraft:map":6,"minecraft:jungle_sapling":1,"minecraft:string":344,"minecraft:white_wool":1,"minecraft:acacia_planks":2,"minecraft:dandelion":2,"minecraft:bone":3,"minecraft:gravel":1,"minecraft:sugar_cane":1,"minecraft:kelp":55,"minecraft:sweet_berries":6,"minecraft:iron_nugget":7,"minecraft:wheat":3,"minecraft:birch_sapling":2,"minecraft:rotten_flesh":1,"minecraft:azure_bluet":1,"minecraft:shears":1,"minecraft:poppy":1,"minecraft:jungle_log":1,"minecraft:melon_seeds":5,"minecraft:acacia_sapling":1,"minecraft:acacia_slab":6,"minecraft:golden_leggings":1,"minecraft:oak_sapling":1,"minecraft:beef":1,"minecraft:magma_block":4,"minecraft:netherrack":1,"minecraft:egg":16}},"DataVersion":3465}