{"stats":{"minecraft:crafted":{"minecraft:oak_planks":24,"minecraft:stone_shovel":3,"minecraft:bone_meal":6,"minecraft:glass":39,"minecraft:hopper":1,"minecraft:iron_axe":1,"minecraft:ladder":3,"minecraft:chest":7,"minecraft:wheat":333,"minecraft:oak_slab":6,"minecraft:crafting_table":2,"minecraft:acacia_slab":6,"minecraft:iron_helmet":1,"minecraft:bucket":1,"minecraft:stone_axe":1,"minecraft:bread":111,"minecraft:acacia_boat":1,"minecraft:air":0,"minecraft:jungle_planks":36,"minecraft:iron_chestplate":1,"minecraft:dark_oak_slab":6,"minecraft:paper":6,"minecraft:stick":32,"minecraft:iron_ingot":1,"minecraft:iron_pickaxe":1,"minecraft:stone_sword":2,"minecraft:white_bed":2,"minecraft:composter":1,"minecraft:acacia_planks":52,"minecraft:shears":2},"minecraft:dropped":{"minecraft:water_bucket":1,"minecraft:iron_ingot":11,"minecraft:bread":79,"minecraft:porkchop":5,"minecraft:wheat_seeds":68,"minecraft:golden_helmet":1,"minecraft:oak_log":2,"minecraft:iron_helmet":1,"minecraft:cobblestone":1,"minecraft:apple":4,"minecraft:stick":11,"minecraft:dirt":2,"minecraft:grass":2,"minecraft:mutton":3,"minecraft:seagrass":2,"minecraft:map":6,"minecraft:jungle_sapling":1,"minecraft:string":600,"minecraft:white_wool":1,"minecraft:acacia_planks":2,"minecraft:dandelion":2,"minecraft:bone":4,"minecraft:gravel":1,"minecraft:sugar_cane":1,"minecraft:kelp":55,"minecraft:sweet_berries":6,"minecraft:iron_nugget":7,"minecraft:birch_sapling":2,"minecraft:wheat":3,"minecraft:rotten_flesh":4,"minecraft:azure_bluet":1,"minecraft:shears":1,"minecraft:carrot":24,"minecraft:poppy":7,"minecraft:potato":19,"minecraft:jungle_log":1,"minecraft:melon_seeds":5,"minecraft:oak_sapling":1,"minecraft:acacia_slab":6,"minecraft:golden_leggings":1,"minecraft:acacia_sapling":1,"minecraft:beef":1,"minecraft:magma_block":4,"minecraft:oak_leaves":28,"minecraft:netherrack":1,"minecraft:egg":16},"minecraft:picked_up":{"minecraft:seagrass":2,"minecraft:crafting_table":9,"minecraft:wheat":6,"minecraft:azure_bluet":1,"minecraft:ladder":3,"minecraft:gold_block":1,"minecraft:brewing_stand":1,"minecraft:string":2835,"minecraft:cobbled_deepslate":18,"minecraft:bucket":1,"minecraft:beef":19,"minecraft:oak_boat":1,"minecraft:jungle_sapling":1,"minecraft:poppy":9,"minecraft:melon_slice":18,"minecraft:sugar_cane":35,"minecraft:birch_sapling":2,"minecraft:raw_copper_block":1,"minecraft:egg":18,"minecraft:raw_iron":10,"minecraft:dark_oak_sapling":6,"minecraft:stick":18,"minecraft:composter":7,"minecraft:torch":35,"minecraft:acacia_log":12,"minecraft:porkchop":5,"minecraft:carrot":24,"minecraft:redstone":73,"minecraft:dark_oak_planks":49,"minecraft:orange_bed":3,"minecraft:arrow":14,"minecraft:rotten_flesh":4,"minecraft:hay_block":37,"minecraft:mutton":2,"minecraft:white_wool":17,"minecraft:cobblestone":83,"minecraft:magma_block":4,"minecraft:andesite":8,"minecraft:jungle_log":12,"minecraft:leather":7,"minecraft:acacia_wood":1,"minecraft:potato":19,"minecraft:tuff":4,"minecraft:oak_log":58,"minecraft:yellow_bed":10,"minecraft:acacia_boat":5,"minecraft:gunpowder":16,"minecraft:lapis_lazuli":27,"minecraft:dirt":312,"minecraft:bone":16,"minecraft:acacia_planks":3,"minecraft:kelp":55,"minecraft:bow":1,"minecraft:wheat_seeds":68,"minecraft:orange_tulip":1,"minecraft:bell":4,"minecraft:iron_ingot":35,"minecraft:bamboo":69,"minecraft:acacia_sapling":1,"minecraft:oak_planks":2,"minecraft:dark_oak_slab":5,"minecraft:sweet_berries":6,"minecraft:dandelion":2,"minecraft:gravel":1,"minecraft:blast_furnace":2,"minecraft:white_bed":6,"minecraft:dark_oak_log":27,"minecraft:diamond":1,"minecraft:granite":3,"minecraft:grass":3,"minecraft:golden_apple":1,"minecraft:bread":60,"minecraft:oak_sapling":1,"minecraft:netherrack":2,"minecraft:melon_seeds":5,"minecraft:oak_leaves":155,"minecraft:coal":8,"minecraft:hopper":1},"minecraft:used":{"minecraft:stone_sword":241,"minecraft:stone_shovel":273,"minecraft:ladder":3,"minecraft:chest":6,"minecraft:grass":1,"minecraft:bell":4,"minecraft:netherrack":1,"minecraft:orange_bed":3,"minecraft:torch":38,"minecraft:dirt":102,"minecraft:hopper":2,"minecraft:jungle_planks":5,"minecraft:granite":3,"minecraft:glass":35,"minecraft:lava_bucket":2,"minecraft:iron_axe":74,"minecraft:jungle_log":2,"minecraft:iron_helmet":1,"minecraft:dark_oak_slab":7,"minecraft:bamboo":5,"minecraft:oak_sapling":2,"minecraft:egg":2,"minecraft:acacia_planks":26,"minecraft:acacia_boat":6,"minecraft:water_bucket":26,"minecraft:oak_planks":2,"minecraft:orange_tulip":1,"minecraft:composter":6,"minecraft:oak_leaves":127,"minecraft:crafting_table":7,"minecraft:white_bed":8,"minecraft:shears":158,"minecraft:oak_log":13,"minecraft:bread":50,"minecraft:melon_slice":14,"minecraft:iron_pickaxe":190,"minecraft:stone_axe":128,"minecraft:cobblestone":32,"minecraft:andesite":3,"minecraft:bucket":30,"minecraft:yellow_bed":11},"minecraft:killed":{"minecraft:spider":2,"minecraft:skeleton":5,"minecraft:drowned":1,"minecraft:turtle":3,"minecraft:pig":2,"minecraft:iron_golem":8,"minecraft:creeper":13,"minecraft:zombie":10,"minecraft:cow":5},"minecraft:broken":{"minecraft:stone_sword":1,"minecraft:stone_axe":1,"minecraft:stone_shovel":1},"minecraft:mined":{"minecraft:tuff":4,"minecraft:white_bed":6,"minecraft:farmland":25,"minecraft:dark_oak_leaves":48,"minecraft:deepslate_diamond_ore":1,"minecraft:jungle_leaves":4,"minecraft:dark_oak_log":24,"minecraft:sea_lantern":1,"minecraft:brewing_stand":1,"minecraft:ladder":3,"minecraft:granite":6,"minecraft:acacia_log":11,"minecraft:grass_block":168,"minecraft:jungle_log":11,"minecraft:spruce_leaves":4,"minecraft:composter":7,"minecraft:hopper":1,"minecraft:hay_block":34,"minecraft:tall_seagrass":1,"minecraft:magma_block":4,"minecraft:carrots":6,"minecraft:iron_ore":5,"minecraft:acacia_wood":1,"minecraft:andesite":8,"minecraft:azure_bluet":1,"minecraft:gold_block":1,"minecraft:bell":4,"minecraft:potatoes":7,"minecraft:deepslate_iron_ore":5,"minecraft:vine":2,"minecraft:bamboo":11,"minecraft:stone":73,"minecraft:orange_bed":3,"minecraft:deepslate_redstone_ore":16,"minecraft:glass_pane":1,"minecraft:melon_stem":1,"minecraft:dandelion":2,"minecraft:crafting_table":9,"minecraft:torch":9,"minecraft:blast_furnace":2,"minecraft:melon":4,"minecraft:chest":1,"minecraft:tall_grass":53,"minecraft:cobblestone":13,"minecraft:lapis_ore":6,"minecraft:oak_planks":2,"minecraft:sugar_cane":14,"minecraft:wall_torch":9,"minecraft:acacia_sapling":1,"minecraft:dark_oak_slab":1,"minecraft:wheat":12,"minecraft:sweet_berry_bush":2,"minecraft:birch_leaves":2,"minecraft:orange_tulip":1,"minecraft:yellow_bed":10,"minecraft:grass":302,"minecraft:oak_log":58,"minecraft:coal_ore":8,"minecraft:dirt":110,"minecraft:acacia_planks":3,"minecraft:raw_copper_block":1,"minecraft:netherrack":2,"minecraft:deepslate":18,"minecraft:oak_leaves":181,"minecraft:fern":2},"minecraft:custom":{"minecraft:mob_kills":50,"minecraft:inspect_hopper":1,"minecraft:interact_with_crafting_table":27,"minecraft:bell_ring":30,"minecraft:leave_game":6,"minecraft:time_since_death":165733,"minecraft:climb_one_cm":4417,"minecraft:sprint_one_cm":539840,"minecraft:walk_one_cm":287030,"minecraft:drop":130,"minecraft:talked_to_villager":3,"minecraft:play_time":165733,"minecraft:sneak_time":10271,"minecraft:walk_under_water_one_cm":12271,"minecraft:boat_one_cm":420342,"minecraft:jump":4901,"minecraft:walk_on_water_one_cm":24248,"minecraft:total_world_time":165733,"minecraft:interact_with_furnace":10,"minecraft:sleep_in_bed":7,"minecraft:time_since_rest":16268,"minecraft:damage_taken":1354,"minecraft:damage_dealt":15253,"minecraft:swim_one_cm":33185,"minecraft:fly_one_cm":1096920,"minecraft:open_chest":101,"minecraft:crouch_one_cm":38532,"minecraft:fall_one_cm":132217}},"DataVersion":3465}