{"stats":{"minecraft:broken":{"minecraft:stone_pickaxe":1,"minecraft:stone_axe":1,"minecraft:stone_shovel":1,"minecraft:stone_sword":3,"minecraft:iron_axe":1,"minecraft:iron_pickaxe":1,"minecraft:wooden_hoe":1},"minecraft:custom":{"minecraft:interact_with_crafting_table":56,"minecraft:bell_ring":30,"minecraft:leave_game":9,"minecraft:time_since_death":43574,"minecraft:sprint_one_cm":778777,"minecraft:drop":168,"minecraft:talked_to_villager":19,"minecraft:play_time":280593,"minecraft:deaths":2,"minecraft:jump":7340,"minecraft:walk_on_water_one_cm":45166,"minecraft:interact_with_furnace":37,"minecraft:traded_with_villager":12,"minecraft:sleep_in_bed":9,"minecraft:damage_dealt":25151,"minecraft:crouch_one_cm":58488,"minecraft:interact_with_smoker":1,"minecraft:inspect_dispenser":5,"minecraft:mob_kills":67,"minecraft:inspect_hopper":1,"minecraft:climb_one_cm":4417,"minecraft:walk_one_cm":514510,"minecraft:sneak_time":15697,"minecraft:walk_under_water_one_cm":21351,"minecraft:boat_one_cm":420342,"minecraft:total_world_time":280593,"minecraft:time_since_rest":37653,"minecraft:damage_taken":2647,"minecraft:swim_one_cm":34560,"minecraft:fly_one_cm":1547316,"minecraft:open_chest":206,"minecraft:fall_one_cm":187278},"minecraft:mined":{"minecraft:dark_oak_planks":24,"minecraft:white_bed":6,"minecraft:farmland":25,"minecraft:jungle_leaves":4,"minecraft:brewing_stand":1,"minecraft:granite":10,"minecraft:acacia_log":11,"minecraft:grass_block":218,"minecraft:jungle_log":11,"minecraft:hopper":1,"minecraft:composter":8,"minecraft:tall_seagrass":1,"minecraft:magma_block":4,"minecraft:fire":1,"minecraft:iron_ore":7,"minecraft:cobbled_deepslate":1,"minecraft:fletching_table":2,"minecraft:azure_bluet":1,"minecraft:dirt_path":1,"minecraft:orange_bed":3,"minecraft:deepslate_redstone_ore":16,"minecraft:melon_stem":1,"minecraft:torch":9,"minecraft:blast_furnace":2,"minecraft:melon":4,"minecraft:chest":2,"minecraft:glass":41,"minecraft:cobblestone":43,"minecraft:sugar_cane":14,"minecraft:oak_planks":24,"minecraft:wall_torch":9,"minecraft:cauldron":7,"minecraft:acacia_sapling":1,"minecraft:dark_oak_slab":5,"minecraft:wheat":12,"minecraft:orange_tulip":1,"minecraft:grass":455,"minecraft:oak_log":64,"minecraft:oak_fence_gate":1,"minecraft:sand":2,"minecraft:dirt":219,"minecraft:raw_copper_block":1,"minecraft:stonecutter":1,"minecraft:netherrack":2,"minecraft:oak_leaves":181,"minecraft:deepslate":59,"minecraft:diamond_ore":2,"minecraft:tuff":4,"minecraft:dark_oak_leaves":53,"minecraft:deepslate_diamond_ore":1,"minecraft:dark_oak_log":63,"minecraft:sea_lantern":1,"minecraft:ladder":3,"minecraft:spruce_leaves":4,"minecraft:hay_block":35,"minecraft:carrots":23,"minecraft:acacia_wood":1,"minecraft:andesite":16,"minecraft:gold_block":1,"minecraft:bell":4,"minecraft:potatoes":7,"minecraft:deepslate_iron_ore":5,"minecraft:vine":2,"minecraft:bamboo":79,"minecraft:stone":166,"minecraft:oak_slab":7,"minecraft:glass_pane":1,"minecraft:stone_brick_slab":13,"minecraft:dandelion":2,"minecraft:oak_fence":31,"minecraft:crafting_table":11,"minecraft:tall_grass":55,"minecraft:lapis_ore":6,"minecraft:sweet_berry_bush":2,"minecraft:birch_leaves":2,"minecraft:yellow_bed":18,"minecraft:coal_ore":12,"minecraft:cobweb":14,"minecraft:acacia_planks":3,"minecraft:fern":2},"minecraft:picked_up":{"minecraft:seagrass":2,"minecraft:iron_chestplate":2,"minecraft:wheat":6,"minecraft:lead":2,"minecraft:brewing_stand":1,"minecraft:string":2880,"minecraft:iron_leggings":1,"minecraft:cobbled_deepslate":105,"minecraft:bucket":3,"minecraft:iron_pickaxe":1,"minecraft:melon_slice":18,"minecraft:stick":33,"minecraft:composter":10,"minecraft:oak_fence":31,"minecraft:torch":35,"minecraft:acacia_log":12,"minecraft:porkchop":5,"minecraft:cauldron":6,"minecraft:orange_bed":3,"minecraft:stone_sword":2,"minecraft:rotten_flesh":10,"minecraft:cobblestone":233,"minecraft:magma_block":4,"minecraft:andesite":21,"minecraft:water_bucket":2,"minecraft:jungle_log":12,"minecraft:potato":19,"minecraft:tuff":8,"minecraft:acacia_boat":5,"minecraft:lapis_lazuli":54,"minecraft:dirt":492,"minecraft:bone":20,"minecraft:acacia_planks":3,"minecraft:stonecutter":1,"minecraft:bow":4,"minecraft:orange_tulip":1,"minecraft:wheat_seeds":83,"minecraft:bell":4,"minecraft:fletching_table":2,"minecraft:bamboo":182,"minecraft:powered_rail":4,"minecraft:oak_planks":48,"minecraft:sand":2,"minecraft:dark_oak_log":66,"minecraft:diamond":4,"minecraft:granite":7,"minecraft:grass":3,"minecraft:golden_apple":1,"minecraft:bread":141,"minecraft:oak_sapling":3,"minecraft:netherrack":2,"minecraft:oak_leaves":155,"minecraft:crafting_table":11,"minecraft:azure_bluet":1,"minecraft:ladder":3,"minecraft:golden_pickaxe":2,"minecraft:gold_block":1,"minecraft:iron_axe":2,"minecraft:beef":19,"minecraft:oak_boat":1,"minecraft:jungle_sapling":1,"minecraft:poppy":25,"minecraft:minecart":3,"minecraft:sugar_cane":35,"minecraft:birch_sapling":2,"minecraft:raw_copper_block":2,"minecraft:egg":18,"minecraft:dark_oak_sapling":9,"minecraft:raw_iron":22,"minecraft:stone":10,"minecraft:carrot":67,"minecraft:redstone":216,"minecraft:dark_oak_planks":91,"minecraft:stone_shovel":3,"minecraft:arrow":25,"minecraft:hay_block":38,"minecraft:gold_ingot":3,"minecraft:mutton":2,"minecraft:white_wool":17,"minecraft:rail":5,"minecraft:leather":13,"minecraft:acacia_wood":1,"minecraft:oak_log":99,"minecraft:golden_boots":2,"minecraft:yellow_bed":21,"minecraft:gunpowder":16,"minecraft:apple":2,"minecraft:kelp":55,"minecraft:oak_fence_gate":1,"minecraft:iron_ingot":140,"minecraft:stone_pickaxe":1,"minecraft:acacia_sapling":1,"minecraft:oak_slab":14,"minecraft:dark_oak_slab":9,"minecraft:sweet_berries":6,"minecraft:stone_brick_slab":10,"minecraft:dandelion":3,"minecraft:gravel":1,"minecraft:blast_furnace":2,"minecraft:white_bed":6,"minecraft:spider_eye":1,"minecraft:iron_helmet":3,"minecraft:oak_button":3,"minecraft:melon_seeds":5,"minecraft:coal":12,"minecraft:hopper":1},"minecraft:killed_by":{"minecraft:cave_spider":1,"minecraft:iron_golem":1},"minecraft:used":{"minecraft:dispenser":1,"minecraft:ladder":3,"minecraft:poppy":3,"minecraft:chest":6,"minecraft:stone":38,"minecraft:iron_sword":88,"minecraft:grass":1,"minecraft:bell":4,"minecraft:jungle_planks":5,"minecraft:carrot":48,"minecraft:tuff":4,"minecraft:glass":37,"minecraft:lava_bucket":2,"minecraft:iron_helmet":1,"minecraft:dark_oak_slab":18,"minecraft:oak_sapling":2,"minecraft:egg":2,"minecraft:dark_oak_sapling":3,"minecraft:powered_rail":2,"minecraft:stone_pickaxe":132,"minecraft:oak_planks":24,"minecraft:orange_tulip":1,"minecraft:composter":8,"minecraft:oak_leaves":127,"minecraft:shears":158,"minecraft:redstone_torch":1,"minecraft:dark_oak_log":2,"minecraft:bread":75,"minecraft:melon_slice":14,"minecraft:andesite":16,"minecraft:bone_meal":24,"minecraft:oak_trapdoor":3,"minecraft:stone_sword":368,"minecraft:stone_shovel":387,"minecraft:netherrack":1,"minecraft:orange_bed":3,"minecraft:torch":54,"minecraft:dirt":245,"minecraft:hopper":2,"minecraft:granite":7,"minecraft:stone_brick_slab":10,"minecraft:dark_oak_planks":2,"minecraft:iron_axe":295,"minecraft:jungle_log":2,"minecraft:bamboo":36,"minecraft:acacia_planks":26,"minecraft:cobbled_deepslate":41,"minecraft:acacia_boat":6,"minecraft:water_bucket":61,"minecraft:cauldron":7,"minecraft:fletching_table":3,"minecraft:cobblestone_slab":6,"minecraft:rail":11,"minecraft:oak_slab":16,"minecraft:crafting_table":10,"minecraft:white_bed":10,"minecraft:oak_log":13,"minecraft:wooden_hoe":36,"minecraft:oak_button":2,"minecraft:iron_pickaxe":274,"minecraft:stone_axe":128,"minecraft:cobblestone":165,"minecraft:bucket":65,"minecraft:yellow_bed":17},"minecraft:killed":{"minecraft:cave_spider":2,"minecraft:spider":2,"minecraft:skeleton":5,"minecraft:turtle":3,"minecraft:pig":2,"minecraft:iron_golem":17,"minecraft:creeper":13,"minecraft:trader_llama":2,"minecraft:zombie":13,"minecraft:cow":5,"minecraft:horse":1,"minecraft:drowned":1},"minecraft:dropped":{"minecraft:porkchop":5,"minecraft:oak_log":2,"minecraft:golden_pickaxe":2,"minecraft:dark_oak_slab":10,"minecraft:dirt":2,"minecraft:grass":2,"minecraft:dark_oak_log":36,"minecraft:mutton":3,"minecraft:seagrass":2,"minecraft:jungle_sapling":1,"minecraft:dark_oak_planks":8,"minecraft:white_wool":1,"minecraft:bone":4,"minecraft:gravel":1,"minecraft:sugar_cane":1,"minecraft:iron_nugget":7,"minecraft:birch_sapling":2,"minecraft:wheat":3,"minecraft:rotten_flesh":8,"minecraft:azure_bluet":1,"minecraft:carrot":36,"minecraft:poppy":16,"minecraft:oak_fence_gate":1,"minecraft:melon_seeds":5,"minecraft:jungle_log":1,"minecraft:acacia_slab":6,"minecraft:acacia_sapling":1,"minecraft:beef":1,"minecraft:oak_leaves":28,"minecraft:netherrack":1,"minecraft:egg":16,"minecraft:water_bucket":1,"minecraft:iron_ingot":11,"minecraft:bread":79,"minecraft:wheat_seeds":83,"minecraft:golden_helmet":1,"minecraft:iron_helmet":2,"minecraft:cobblestone":3,"minecraft:apple":4,"minecraft:stick":11,"minecraft:wooden_hoe":1,"minecraft:map":6,"minecraft:string":600,"minecraft:acacia_planks":2,"minecraft:dandelion":3,"minecraft:kelp":55,"minecraft:sweet_berries":6,"minecraft:oak_trapdoor":1,"minecraft:shears":1,"minecraft:potato":19,"minecraft:hay_block":1,"minecraft:oak_button":2,"minecraft:golden_leggings":1,"minecraft:oak_sapling":3,"minecraft:spider_eye":1,"minecraft:bow":1,"minecraft:magma_block":4},"minecraft:crafted":{"minecraft:oak_planks":196,"minecraft:cobblestone_slab":6,"minecraft:stone":38,"minecraft:bamboo_block":6,"minecraft:hopper":1,"minecraft:glass":41,"minecraft:bow":4,"minecraft:chest":7,"minecraft:oak_button":2,"minecraft:rail":16,"minecraft:oak_slab":48,"minecraft:cauldron":1,"minecraft:emerald":9,"minecraft:crafting_table":4,"minecraft:acacia_slab":6,"minecraft:iron_helmet":1,"minecraft:fletching_table":1,"minecraft:dispenser":1,"minecraft:wooden_hoe":1,"minecraft:dark_oak_slab":24,"minecraft:iron_chestplate":1,"minecraft:paper":6,"minecraft:stick":294,"minecraft:iron_ingot":1,"minecraft:iron_pickaxe":2,"minecraft:stone_sword":3,"minecraft:gold_ingot":9,"minecraft:redstone_torch":1,"minecraft:composter":1,"minecraft:shears":2,"minecraft:stone_shovel":3,"minecraft:bone_meal":30,"minecraft:oak_trapdoor":4,"minecraft:iron_axe":2,"minecraft:ladder":3,"minecraft:stone_pickaxe":1,"minecraft:dark_oak_planks":4,"minecraft:minecart":1,"minecraft:wheat":333,"minecraft:powered_rail":6,"minecraft:iron_sword":1,"minecraft:bucket":1,"minecraft:stone_axe":1,"minecraft:acacia_boat":1,"minecraft:bread":111,"minecraft:air":0,"minecraft:jungle_planks":36,"minecraft:iron_leggings":1,"minecraft:white_bed":2,"minecraft:acacia_planks":52,"minecraft:torch":16}},"DataVersion":3465}