{"stats":{"minecraft:custom":{"minecraft:mob_kills":22,"minecraft:interact_with_crafting_table":12,"minecraft:leave_game":1,"minecraft:time_since_death":53894,"minecraft:sleep_in_bed":2,"minecraft:climb_one_cm":3617,"minecraft:time_since_rest":27469,"minecraft:sprint_one_cm":176349,"minecraft:damage_taken":428,"minecraft:walk_one_cm":72669,"minecraft:drop":70,"minecraft:damage_dealt":3826,"minecraft:swim_one_cm":22425,"minecraft:talked_to_villager":3,"minecraft:fly_one_cm":300754,"minecraft:open_chest":9,"minecraft:crouch_one_cm":8726,"minecraft:play_time":53894,"minecraft:sneak_time":1788,"minecraft:walk_under_water_one_cm":5491,"minecraft:boat_one_cm":417872,"minecraft:jump":1342,"minecraft:fall_one_cm":42775,"minecraft:total_world_time":53894,"minecraft:walk_on_water_one_cm":7882},"minecraft:mined":{"minecraft:white_bed":1,"minecraft:glass_pane":1,"minecraft:dark_oak_leaves":48,"minecraft:melon_stem":1,"minecraft:jungle_leaves":4,"minecraft:dark_oak_log":24,"minecraft:sea_lantern":1,"minecraft:brewing_stand":1,"minecraft:crafting_table":7,"minecraft:torch":8,"minecraft:blast_furnace":1,"minecraft:acacia_log":11,"minecraft:grass_block":3,"minecraft:melon":4,"minecraft:chest":1,"minecraft:jungle_log":11,"minecraft:tall_grass":22,"minecraft:cobblestone":3,"minecraft:spruce_leaves":4,"minecraft:sugar_cane":10,"minecraft:wall_torch":9,"minecraft:hay_block":15,"minecraft:tall_seagrass":1,"minecraft:magma_block":4,"minecraft:acacia_sapling":1,"minecraft:wheat":1,"minecraft:sweet_berry_bush":2,"minecraft:acacia_wood":1,"minecraft:birch_leaves":2,"minecraft:orange_tulip":1,"minecraft:gold_block":1,"minecraft:bell":1,"minecraft:grass":27,"minecraft:oak_log":1,"minecraft:coal_ore":8,"minecraft:vine":2,"minecraft:bamboo":11,"minecraft:stone":15,"minecraft:oak_leaves":15,"minecraft:netherrack":2,"minecraft:orange_bed":3,"minecraft:fern":2},"minecraft:picked_up":{"minecraft:crafting_table":7,"minecraft:seagrass":2,"minecraft:magma_block":4,"minecraft:jungle_log":12,"minecraft:leather":7,"minecraft:acacia_wood":1,"minecraft:gold_block":1,"minecraft:oak_log":1,"minecraft:brewing_stand":1,"minecraft:gunpowder":10,"minecraft:acacia_boat":5,"minecraft:dirt":2,"minecraft:bone":7,"minecraft:kelp":55,"minecraft:wheat_seeds":11,"minecraft:orange_tulip":1,"minecraft:bell":1,"minecraft:iron_ingot":3,"minecraft:beef":19,"minecraft:jungle_sapling":1,"minecraft:bamboo":69,"minecraft:birch_sapling":2,"minecraft:melon_slice":18,"minecraft:sugar_cane":29,"minecraft:acacia_sapling":1,"minecraft:egg":17,"minecraft:dark_oak_sapling":6,"minecraft:stick":7,"minecraft:sweet_berries":6,"minecraft:torch":24,"minecraft:acacia_log":12,"minecraft:gravel":1,"minecraft:porkchop":5,"minecraft:white_bed":1,"minecraft:blast_furnace":1,"minecraft:dark_oak_log":27,"minecraft:orange_bed":3,"minecraft:arrow":10,"minecraft:rotten_flesh":1,"minecraft:oak_sapling":1,"minecraft:hay_block":18,"minecraft:golden_apple":1,"minecraft:bread":60,"minecraft:netherrack":2,"minecraft:melon_seeds":5,"minecraft:mutton":2,"minecraft:coal":8,"minecraft:white_wool":4,"minecraft:cobblestone":21},"minecraft:used":{"minecraft:acacia_boat":5,"minecraft:stone_sword":90,"minecraft:orange_tulip":1,"minecraft:netherrack":1,"minecraft:orange_bed":3,"minecraft:dirt":2,"minecraft:crafting_table":5,"minecraft:jungle_planks":5,"minecraft:white_bed":1,"minecraft:bread":12,"minecraft:melon_slice":11,"minecraft:iron_pickaxe":47,"minecraft:jungle_log":2,"minecraft:iron_helmet":1,"minecraft:bamboo":5,"minecraft:stone_axe":102,"minecraft:cobblestone":5,"minecraft:egg":1,"minecraft:bucket":1,"minecraft:acacia_planks":6},"minecraft:killed":{"minecraft:pig":2,"minecraft:iron_golem":1,"minecraft:creeper":7,"minecraft:zombie":2,"minecraft:drowned":1,"minecraft:turtle":3,"minecraft:cow":5},"minecraft:crafted":{"minecraft:crafting_table":1,"minecraft:acacia_slab":6,"minecraft:bucket":1,"minecraft:stone_axe":1,"minecraft:acacia_boat":1,"minecraft:bread":54,"minecraft:jungle_planks":36,"minecraft:paper":6,"minecraft:stick":8,"minecraft:iron_ingot":1,"minecraft:iron_pickaxe":1,"minecraft:stone_sword":1,"minecraft:white_bed":1,"minecraft:acacia_planks":52,"minecraft:shears":1,"minecraft:wheat":162},"minecraft:dropped":{"minecraft:gravel":1,"minecraft:bread":79,"minecraft:kelp":55,"minecraft:sweet_berries":6,"minecraft:sugar_cane":1,"minecraft:porkchop":5,"minecraft:wheat_seeds":11,"minecraft:golden_helmet":1,"minecraft:iron_nugget":7,"minecraft:birch_sapling":2,"minecraft:wheat":3,"minecraft:iron_helmet":1,"minecraft:cobblestone":1,"minecraft:rotten_flesh":1,"minecraft:apple":4,"minecraft:oak_sapling":1,"minecraft:map":6,"minecraft:mutton":3,"minecraft:melon_seeds":5,"minecraft:jungle_log":1,"minecraft:seagrass":2,"minecraft:acacia_slab":6,"minecraft:golden_leggings":1,"minecraft:acacia_sapling":1,"minecraft:jungle_sapling":1,"minecraft:beef":1,"minecraft:magma_block":4,"minecraft:white_wool":1,"minecraft:netherrack":1,"minecraft:acacia_planks":2,"minecraft:egg":16,"minecraft:bone":3}},"DataVersion":3465}