{"stats":{"minecraft:custom":{"minecraft:mob_kills":6,"minecraft:interact_with_crafting_table":10,"minecraft:time_since_death":17999,"minecraft:sleep_in_bed":1,"minecraft:time_since_rest":4825,"minecraft:sprint_one_cm":74089,"minecraft:damage_taken":70,"minecraft:walk_one_cm":29420,"minecraft:drop":42,"minecraft:damage_dealt":1701,"minecraft:swim_one_cm":1034,"minecraft:talked_to_villager":3,"minecraft:fly_one_cm":139792,"minecraft:open_chest":6,"minecraft:crouch_one_cm":4598,"minecraft:play_time":17999,"minecraft:sneak_time":754,"minecraft:walk_under_water_one_cm":531,"minecraft:boat_one_cm":56992,"minecraft:jump":505,"minecraft:walk_on_water_one_cm":975,"minecraft:total_world_time":17999,"minecraft:fall_one_cm":16291},"minecraft:mined":{"minecraft:glass_pane":1,"minecraft:melon_stem":1,"minecraft:brewing_stand":1,"minecraft:crafting_table":6,"minecraft:torch":8,"minecraft:blast_furnace":1,"minecraft:acacia_log":11,"minecraft:melon":4,"minecraft:tall_grass":20,"minecraft:cobblestone":3,"minecraft:sugar_cane":3,"minecraft:wall_torch":9,"minecraft:hay_block":15,"minecraft:acacia_sapling":1,"minecraft:wheat":1,"minecraft:acacia_wood":1,"minecraft:orange_tulip":1,"minecraft:bell":1,"minecraft:grass":19,"minecraft:stone":15,"minecraft:orange_bed":2},"minecraft:picked_up":{"minecraft:seagrass":1,"minecraft:crafting_table":6,"minecraft:leather":2,"minecraft:acacia_wood":1,"minecraft:brewing_stand":1,"minecraft:bone":1,"minecraft:orange_tulip":1,"minecraft:wheat_seeds":5,"minecraft:bell":1,"minecraft:beef":4,"minecraft:iron_ingot":3,"minecraft:melon_slice":18,"minecraft:sugar_cane":8,"minecraft:acacia_sapling":1,"minecraft:egg":1,"minecraft:stick":1,"minecraft:torch":17,"minecraft:acacia_log":12,"minecraft:porkchop":5,"minecraft:blast_furnace":1,"minecraft:orange_bed":2,"minecraft:hay_block":18,"minecraft:bread":60,"minecraft:melon_seeds":2,"minecraft:cobblestone":18},"minecraft:used":{"minecraft:acacia_boat":1,"minecraft:stone_sword":26,"minecraft:orange_tulip":1,"minecraft:crafting_table":5,"minecraft:bread":3,"minecraft:melon_slice":5,"minecraft:iron_pickaxe":32,"minecraft:iron_helmet":1,"minecraft:stone_axe":16,"minecraft:cobblestone":5,"minecraft:bucket":1,"minecraft:egg":1},"minecraft:killed":{"minecraft:pig":2,"minecraft:iron_golem":1,"minecraft:turtle":1,"minecraft:cow":2},"minecraft:crafted":{"minecraft:crafting_table":1,"minecraft:bucket":1,"minecraft:stone_axe":1,"minecraft:acacia_boat":1,"minecraft:bread":54,"minecraft:paper":6,"minecraft:stick":8,"minecraft:iron_ingot":1,"minecraft:iron_pickaxe":1,"minecraft:stone_sword":1,"minecraft:acacia_planks":24,"minecraft:wheat":162},"minecraft:dropped":{"minecraft:bread":79,"minecraft:sugar_cane":1,"minecraft:porkchop":5,"minecraft:wheat_seeds":5,"minecraft:golden_helmet":1,"minecraft:iron_nugget":7,"minecraft:wheat":3,"minecraft:iron_helmet":1,"minecraft:cobblestone":1,"minecraft:apple":4,"minecraft:mutton":1,"minecraft:melon_seeds":1,"minecraft:seagrass":1,"minecraft:golden_leggings":1,"minecraft:beef":1,"minecraft:bone":1}},"DataVersion":3465}