{"stats":{"minecraft:custom":{"minecraft:mob_kills":21,"minecraft:interact_with_crafting_table":12,"minecraft:leave_game":1,"minecraft:time_since_death":46712,"minecraft:sleep_in_bed":2,"minecraft:climb_one_cm":3617,"minecraft:time_since_rest":20287,"minecraft:sprint_one_cm":138842,"minecraft:damage_taken":398,"minecraft:walk_one_cm":64995,"minecraft:drop":66,"minecraft:damage_dealt":3626,"minecraft:swim_one_cm":21603,"minecraft:talked_to_villager":3,"minecraft:fly_one_cm":240680,"minecraft:open_chest":9,"minecraft:crouch_one_cm":8051,"minecraft:play_time":46712,"minecraft:sneak_time":1663,"minecraft:walk_under_water_one_cm":5403,"minecraft:boat_one_cm":417872,"minecraft:jump":1040,"minecraft:walk_on_water_one_cm":6843,"minecraft:total_world_time":46712,"minecraft:fall_one_cm":31295},"minecraft:mined":{"minecraft:glass_pane":1,"minecraft:dark_oak_leaves":48,"minecraft:melon_stem":1,"minecraft:jungle_leaves":4,"minecraft:dark_oak_log":24,"minecraft:sea_lantern":1,"minecraft:brewing_stand":1,"minecraft:crafting_table":6,"minecraft:torch":8,"minecraft:blast_furnace":1,"minecraft:acacia_log":11,"minecraft:grass_block":1,"minecraft:melon":4,"minecraft:chest":1,"minecraft:jungle_log":11,"minecraft:tall_grass":20,"minecraft:cobblestone":3,"minecraft:sugar_cane":10,"minecraft:wall_torch":9,"minecraft:hay_block":15,"minecraft:tall_seagrass":1,"minecraft:magma_block":4,"minecraft:acacia_sapling":1,"minecraft:sweet_berry_bush":2,"minecraft:wheat":1,"minecraft:acacia_wood":1,"minecraft:birch_leaves":1,"minecraft:orange_tulip":1,"minecraft:gold_block":1,"minecraft:bell":1,"minecraft:grass":27,"minecraft:coal_ore":8,"minecraft:vine":2,"minecraft:bamboo":11,"minecraft:stone":15,"minecraft:netherrack":2,"minecraft:oak_leaves":1,"minecraft:fern":2,"minecraft:orange_bed":3},"minecraft:picked_up":{"minecraft:magma_block":4,"minecraft:seagrass":2,"minecraft:crafting_table":6,"minecraft:jungle_log":12,"minecraft:leather":7,"minecraft:acacia_wood":1,"minecraft:gold_block":1,"minecraft:brewing_stand":1,"minecraft:gunpowder":8,"minecraft:acacia_boat":5,"minecraft:bone":7,"minecraft:kelp":55,"minecraft:orange_tulip":1,"minecraft:wheat_seeds":11,"minecraft:bell":1,"minecraft:beef":19,"minecraft:iron_ingot":3,"minecraft:jungle_sapling":1,"minecraft:bamboo":69,"minecraft:melon_slice":18,"minecraft:sugar_cane":29,"minecraft:acacia_sapling":1,"minecraft:egg":17,"minecraft:dark_oak_sapling":6,"minecraft:stick":7,"minecraft:sweet_berries":6,"minecraft:torch":24,"minecraft:acacia_log":12,"minecraft:gravel":1,"minecraft:porkchop":5,"minecraft:blast_furnace":1,"minecraft:dark_oak_log":27,"minecraft:orange_bed":3,"minecraft:arrow":10,"minecraft:rotten_flesh":1,"minecraft:hay_block":18,"minecraft:golden_apple":1,"minecraft:coal":8,"minecraft:bread":60,"minecraft:mutton":2,"minecraft:white_wool":4,"minecraft:netherrack":2,"minecraft:melon_seeds":5,"minecraft:cobblestone":21},"minecraft:used":{"minecraft:acacia_boat":5,"minecraft:stone_sword":85,"minecraft:orange_tulip":1,"minecraft:netherrack":1,"minecraft:orange_bed":3,"minecraft:crafting_table":5,"minecraft:jungle_planks":5,"minecraft:white_bed":1,"minecraft:jungle_log":2,"minecraft:bread":10,"minecraft:melon_slice":9,"minecraft:iron_pickaxe":47,"minecraft:iron_helmet":1,"minecraft:bamboo":5,"minecraft:stone_axe":100,"minecraft:cobblestone":5,"minecraft:bucket":1,"minecraft:acacia_planks":6,"minecraft:egg":1},"minecraft:killed":{"minecraft:pig":2,"minecraft:iron_golem":1,"minecraft:creeper":6,"minecraft:zombie":2,"minecraft:drowned":1,"minecraft:turtle":3,"minecraft:cow":5},"minecraft:crafted":{"minecraft:crafting_table":1,"minecraft:acacia_slab":6,"minecraft:bucket":1,"minecraft:stone_axe":1,"minecraft:acacia_boat":1,"minecraft:bread":54,"minecraft:jungle_planks":36,"minecraft:paper":6,"minecraft:stick":8,"minecraft:iron_ingot":1,"minecraft:iron_pickaxe":1,"minecraft:stone_sword":1,"minecraft:white_bed":1,"minecraft:acacia_planks":52,"minecraft:shears":1,"minecraft:wheat":162},"minecraft:dropped":{"minecraft:gravel":1,"minecraft:bread":79,"minecraft:sweet_berries":6,"minecraft:kelp":55,"minecraft:sugar_cane":1,"minecraft:porkchop":5,"minecraft:wheat_seeds":11,"minecraft:golden_helmet":1,"minecraft:iron_nugget":7,"minecraft:wheat":3,"minecraft:rotten_flesh":1,"minecraft:iron_helmet":1,"minecraft:cobblestone":1,"minecraft:apple":4,"minecraft:mutton":3,"minecraft:acacia_slab":6,"minecraft:melon_seeds":5,"minecraft:jungle_log":1,"minecraft:acacia_sapling":1,"minecraft:seagrass":2,"minecraft:golden_leggings":1,"minecraft:jungle_sapling":1,"minecraft:beef":1,"minecraft:acacia_planks":2,"minecraft:egg":16,"minecraft:magma_block":4,"minecraft:white_wool":1,"minecraft:netherrack":1,"minecraft:bone":3}},"DataVersion":3465}