{"stats":{"minecraft:broken":{"minecraft:stone_sword":1,"minecraft:stone_axe":1,"minecraft:stone_shovel":1},"minecraft:custom":{"minecraft:mob_kills":36,"minecraft:inspect_hopper":1,"minecraft:interact_with_crafting_table":23,"minecraft:bell_ring":19,"minecraft:leave_game":3,"minecraft:time_since_death":111548,"minecraft:climb_one_cm":3795,"minecraft:sprint_one_cm":376669,"minecraft:walk_one_cm":187614,"minecraft:drop":109,"minecraft:talked_to_villager":3,"minecraft:play_time":111548,"minecraft:sneak_time":7452,"minecraft:walk_under_water_one_cm":11219,"minecraft:boat_one_cm":420342,"minecraft:jump":3342,"minecraft:walk_on_water_one_cm":17339,"minecraft:total_world_time":111548,"minecraft:interact_with_furnace":5,"minecraft:sleep_in_bed":4,"minecraft:time_since_rest":35712,"minecraft:damage_taken":1162,"minecraft:damage_dealt":9139,"minecraft:swim_one_cm":28642,"minecraft:fly_one_cm":744532,"minecraft:open_chest":48,"minecraft:crouch_one_cm":30784,"minecraft:fall_one_cm":95723},"minecraft:mined":{"minecraft:white_bed":6,"minecraft:dark_oak_leaves":48,"minecraft:jungle_leaves":4,"minecraft:dark_oak_log":24,"minecraft:sea_lantern":1,"minecraft:brewing_stand":1,"minecraft:granite":6,"minecraft:acacia_log":11,"minecraft:grass_block":129,"minecraft:jungle_log":11,"minecraft:spruce_leaves":4,"minecraft:hopper":1,"minecraft:hay_block":34,"minecraft:tall_seagrass":1,"minecraft:magma_block":4,"minecraft:acacia_wood":1,"minecraft:andesite":3,"minecraft:azure_bluet":1,"minecraft:gold_block":1,"minecraft:bell":4,"minecraft:vine":2,"minecraft:bamboo":11,"minecraft:stone":44,"minecraft:orange_bed":3,"minecraft:glass_pane":1,"minecraft:melon_stem":1,"minecraft:dandelion":2,"minecraft:crafting_table":9,"minecraft:torch":8,"minecraft:blast_furnace":2,"minecraft:melon":4,"minecraft:chest":1,"minecraft:tall_grass":53,"minecraft:cobblestone":9,"minecraft:sugar_cane":14,"minecraft:wall_torch":9,"minecraft:acacia_sapling":1,"minecraft:dark_oak_slab":1,"minecraft:wheat":1,"minecraft:sweet_berry_bush":2,"minecraft:birch_leaves":2,"minecraft:orange_tulip":1,"minecraft:yellow_bed":10,"minecraft:grass":241,"minecraft:oak_log":11,"minecraft:coal_ore":8,"minecraft:dirt":28,"minecraft:acacia_planks":3,"minecraft:netherrack":2,"minecraft:oak_leaves":172,"minecraft:fern":2},"minecraft:picked_up":{"minecraft:seagrass":2,"minecraft:crafting_table":9,"minecraft:azure_bluet":1,"minecraft:gold_block":1,"minecraft:brewing_stand":1,"minecraft:string":2835,"minecraft:beef":19,"minecraft:oak_boat":1,"minecraft:jungle_sapling":1,"minecraft:poppy":3,"minecraft:melon_slice":18,"minecraft:sugar_cane":35,"minecraft:birch_sapling":2,"minecraft:egg":18,"minecraft:dark_oak_sapling":6,"minecraft:stick":17,"minecraft:torch":35,"minecraft:acacia_log":12,"minecraft:porkchop":5,"minecraft:dark_oak_planks":49,"minecraft:orange_bed":3,"minecraft:arrow":11,"minecraft:rotten_flesh":2,"minecraft:hay_block":37,"minecraft:mutton":2,"minecraft:white_wool":17,"minecraft:cobblestone":54,"minecraft:magma_block":4,"minecraft:andesite":3,"minecraft:jungle_log":12,"minecraft:leather":7,"minecraft:acacia_wood":1,"minecraft:oak_log":12,"minecraft:acacia_boat":5,"minecraft:yellow_bed":10,"minecraft:gunpowder":13,"minecraft:dirt":173,"minecraft:bone":11,"minecraft:acacia_planks":3,"minecraft:kelp":55,"minecraft:wheat_seeds":39,"minecraft:orange_tulip":1,"minecraft:bell":4,"minecraft:iron_ingot":14,"minecraft:bamboo":69,"minecraft:acacia_sapling":1,"minecraft:dark_oak_slab":2,"minecraft:sweet_berries":6,"minecraft:dandelion":2,"minecraft:gravel":1,"minecraft:blast_furnace":2,"minecraft:white_bed":6,"minecraft:dark_oak_log":27,"minecraft:granite":3,"minecraft:grass":3,"minecraft:golden_apple":1,"minecraft:bread":60,"minecraft:oak_sapling":1,"minecraft:netherrack":2,"minecraft:melon_seeds":5,"minecraft:oak_leaves":155,"minecraft:coal":8,"minecraft:hopper":1},"minecraft:used":{"minecraft:stone_sword":151,"minecraft:stone_shovel":139,"minecraft:chest":6,"minecraft:grass":1,"minecraft:bell":3,"minecraft:netherrack":1,"minecraft:orange_bed":3,"minecraft:torch":22,"minecraft:dirt":44,"minecraft:hopper":2,"minecraft:jungle_planks":5,"minecraft:granite":3,"minecraft:glass":35,"minecraft:lava_bucket":1,"minecraft:iron_axe":7,"minecraft:jungle_log":2,"minecraft:iron_helmet":1,"minecraft:dark_oak_slab":7,"minecraft:bamboo":5,"minecraft:oak_sapling":2,"minecraft:egg":2,"minecraft:acacia_planks":26,"minecraft:acacia_boat":6,"minecraft:water_bucket":16,"minecraft:orange_tulip":1,"minecraft:oak_leaves":127,"minecraft:crafting_table":7,"minecraft:white_bed":8,"minecraft:shears":158,"minecraft:oak_log":8,"minecraft:bread":35,"minecraft:melon_slice":14,"minecraft:iron_pickaxe":96,"minecraft:stone_axe":128,"minecraft:cobblestone":31,"minecraft:andesite":3,"minecraft:bucket":18,"minecraft:yellow_bed":10},"minecraft:killed":{"minecraft:spider":2,"minecraft:skeleton":2,"minecraft:drowned":1,"minecraft:turtle":3,"minecraft:pig":2,"minecraft:iron_golem":4,"minecraft:creeper":11,"minecraft:zombie":5,"minecraft:cow":5},"minecraft:crafted":{"minecraft:oak_planks":8,"minecraft:stone_shovel":3,"minecraft:glass":39,"minecraft:hopper":1,"minecraft:iron_axe":1,"minecraft:chest":7,"minecraft:wheat":333,"minecraft:crafting_table":2,"minecraft:acacia_slab":6,"minecraft:bucket":1,"minecraft:stone_axe":1,"minecraft:bread":111,"minecraft:acacia_boat":1,"minecraft:air":0,"minecraft:jungle_planks":36,"minecraft:dark_oak_slab":6,"minecraft:paper":6,"minecraft:stick":8,"minecraft:iron_ingot":1,"minecraft:iron_pickaxe":1,"minecraft:stone_sword":2,"minecraft:white_bed":2,"minecraft:acacia_planks":52,"minecraft:shears":2},"minecraft:dropped":{"minecraft:water_bucket":1,"minecraft:iron_ingot":5,"minecraft:bread":79,"minecraft:porkchop":5,"minecraft:wheat_seeds":39,"minecraft:golden_helmet":1,"minecraft:iron_helmet":1,"minecraft:cobblestone":1,"minecraft:apple":4,"minecraft:stick":10,"minecraft:dirt":2,"minecraft:grass":2,"minecraft:mutton":3,"minecraft:seagrass":2,"minecraft:map":6,"minecraft:jungle_sapling":1,"minecraft:string":600,"minecraft:white_wool":1,"minecraft:acacia_planks":2,"minecraft:dandelion":2,"minecraft:bone":3,"minecraft:gravel":1,"minecraft:sugar_cane":1,"minecraft:kelp":55,"minecraft:sweet_berries":6,"minecraft:iron_nugget":7,"minecraft:birch_sapling":2,"minecraft:wheat":3,"minecraft:rotten_flesh":2,"minecraft:azure_bluet":1,"minecraft:shears":1,"minecraft:poppy":3,"minecraft:jungle_log":1,"minecraft:melon_seeds":5,"minecraft:oak_sapling":1,"minecraft:acacia_slab":6,"minecraft:golden_leggings":1,"minecraft:acacia_sapling":1,"minecraft:beef":1,"minecraft:magma_block":4,"minecraft:oak_leaves":28,"minecraft:netherrack":1,"minecraft:egg":16}},"DataVersion":3465}