{
  "minecraft:recipes/misc/charcoal": {
    "criteria": {
      "has_log": "2024-06-29 12:50:35 +0000"
    },
    "done": true
  },
  "minecraft:recipes/decorations/crafting_table": {
    "criteria": {
      "unlock_right_away": "2024-06-29 12:49:43 +0000"
    },
    "done": true
  },
  "minecraft:recipes/building_blocks/oak_planks": {
    "criteria": {
      "has_logs": "2024-06-29 12:50:35 +0000"
    },
    "done": true
  },
  "minecraft:adventure/adventuring_time": {
    "criteria": {
      "minecraft:birch_forest": "2024-06-29 12:50:48 +0000",
      "minecraft:forest": "2024-06-29 12:49:44 +0000"
    },
    "done": false
  },
  "minecraft:recipes/building_blocks/oak_wood": {
    "criteria": {
      "has_log": "2024-06-29 12:50:35 +0000"
    },
    "done": true
  },
  "DataVersion": 3465
}